{
    "providers": [
        {
            "type": "space",
            "advances": {
                " ": 4
            }
        },
        {
            "type": "bitmap",
            "file": "thegreatwork:font/aether.png",
            "height": 7,
            "ascent": 7,
            "chars": [
                "\u0061\u0062\u0063\u0064\u0065\u0066\u0067\u0068\u0069\u006A\u006B\u006C\u006D\u006E\u006F\u0070",
                "\u0071\u0072\u0073\u0074\u0075\u0076\u0077\u0078\u0079\u007A\u007B\u00E5\u00E4\u00F6\u002C\u002E"
            ]
        }
    ]
}
