{
	"format_version": "1.21.6",
	"credit": "Made with Blockbench",
	"parent": "minecraft:item/handheld",
	"textures": {
		"layer0": "thegreatwork:item/sword/iron_zweihander"
	},
	"display": {
		"thirdperson_righthand": {
			"rotation": [-22.25, -90, 0],
			"translation": [0, 13.75, 6.25],
			"scale": [2, 2, 2]
		},
		"thirdperson_lefthand": {
			"rotation": [-22.25, 90, 0],
			"translation": [0, 13.35, 6.25],
			"scale": [2, 2, 2]
		},
		"firstperson_righthand": {
			"rotation": [0, -90, 25],
			"translation": [1.13, 3.2, 1.13],
			"scale": [1.36, 1.36, 1.36]
		},
		"firstperson_lefthand": {
			"rotation": [0, 90, -25],
			"translation": [1.13, 3.2, 1.13],
			"scale": [1.36, 1.36, 1.36]
		}
	}
}