{
	"format_version": "1.21.6",
	"credit": "Made with Blockbench",
	"textures": {
		"0": "thegreatwork:item/hat/emerald_leather_hat",
		"particle": "thegreatwork:item/hat/emerald_leather_hat"
	},
	"elements": [
		{
			"from": [0, 0, 0],
			"to": [16, 0, 16],
			"faces": {
				"north": {"uv": [0, 0, 16, 0], "texture": "#missing"},
				"east": {"uv": [0, 0, 16, 0], "texture": "#missing"},
				"south": {"uv": [0, 0, 16, 0], "texture": "#missing"},
				"west": {"uv": [0, 0, 16, 0], "texture": "#missing"},
				"up": {"uv": [7.75, 12, 11.75, 16], "texture": "#0"},
				"down": {"uv": [7.75, 12, 11.75, 16], "texture": "#0"}
			}
		},
		{
			"from": [4, 0, 4],
			"to": [12, 4, 12],
			"rotation": {"angle": 0, "axis": "y", "origin": [10, 0, 10]},
			"faces": {
				"north": {"uv": [10, 2, 12, 3], "texture": "#0"},
				"east": {"uv": [12, 2, 14, 3], "texture": "#0"},
				"south": {"uv": [14, 2, 16, 3], "texture": "#0"},
				"west": {"uv": [8, 2, 10, 3], "texture": "#0"},
				"up": {"uv": [10, 0, 12, 2], "texture": "#0"},
				"down": {"uv": [8.75, 13, 10.75, 15], "texture": "#0"}
			}
		}
	],
	"display": {
		"thirdperson_righthand": {
			"translation": [0, 4.75, 0],
			"scale": [0.5, 0.5, 0.5]
		},
		"thirdperson_lefthand": {
			"translation": [0, 4.75, 0],
			"scale": [0.5, 0.5, 0.59]
		},
		"firstperson_righthand": {
			"translation": [0, 9.25, 0]
		},
		"firstperson_lefthand": {
			"translation": [0, 9.25, 0]
		},
		"ground": {
			"translation": [0, 4.5, 0]
		},
        "gui": {
            "rotation": [ 30, 45, 0 ],
            "translation": [ 0, 0, 0],
            "scale":[ 0.625, 0.625, 0.625 ]
        },
		"head": {
			"rotation": [8, 0, 0],
			"translation": [0, 17.5, 1.75],
			"scale": [1.92, 1.92, 1.92]
		},
		"fixed": {
			"rotation": [-90, 0, 0],
			"translation": [0, 0, -13],
			"scale": [1.6, 1.6, 1.6]
		}
	}
}