{
	"format_version": "1.21.6",
	"credit": "Made with Blockbench",
	"textures": {
		"0": "thegreatwork:item/hat/ivory_wool_hat",
		"particle": "thegreatwork:item/hat/ivory_wool_hat"
	},
	"elements": [
		{
			"from": [4, 0, 4],
			"to": [12, 3, 12],
			"rotation": {"angle": 0, "axis": "y", "origin": [10, 0, 10]},
			"faces": {
				"north": {"uv": [10, 2.25, 12, 3], "texture": "#0"},
				"east": {"uv": [12, 2.25, 14, 3], "texture": "#0"},
				"south": {"uv": [14, 2.25, 16, 3], "texture": "#0"},
				"west": {"uv": [8, 2.25, 10, 3], "texture": "#0"},
				"up": {"uv": [10, 0.25, 12, 2.25], "texture": "#0"},
				"down": {"uv": [8.75, 13, 10.75, 15], "texture": "#0"}
			}
		},
		{
			"from": [3.5, 0.75, 2.5],
			"to": [12.5, 2.75, 12.5],
			"rotation": {"angle": -12.5, "axis": "x", "origin": [6, 1, 3]},
			"faces": {
				"north": {"uv": [2.5, 4.5, 4.75, 5], "texture": "#0"},
				"east": {"uv": [2.5, 4.5, 4.75, 5], "texture": "#0"},
				"south": {"uv": [2.5, 4.5, 4.75, 5], "texture": "#0"},
				"west": {"uv": [2.5, 4.5, 4.75, 5], "texture": "#0"},
				"up": {"uv": [2.5, 2, 4.75, 4.25], "texture": "#0"},
				"down": {"uv": [2.5, 2, 4.75, 4.25], "texture": "#0"}
			}
		}
	],
	"display": {
		"thirdperson_righthand": {
			"translation": [0, 4.75, 0],
			"scale": [0.5, 0.5, 0.5]
		},
		"thirdperson_lefthand": {
			"translation": [0, 4.75, 0],
			"scale": [0.5, 0.5, 0.59]
		},
		"firstperson_righthand": {
			"translation": [0, 9.25, 0]
		},
		"firstperson_lefthand": {
			"translation": [0, 9.25, 0]
		},
		"ground": {
			"translation": [0, 4.5, 0]
		},
        "gui": {
            "rotation": [ 30, 45, 0 ],
            "translation": [ 0, 0, 0],
            "scale":[ 0.625, 0.625, 0.625 ]
        },
		"head": {
			"rotation": [8, -90, 0],
			"translation": [0, 18, 1.75],
			"scale": [1.92, 1.92, 1.92]
		},
		"fixed": {
			"rotation": [-90, 0, 0],
			"translation": [0, 0, -13],
			"scale": [1.6, 1.6, 1.6]
		}
	}
}