{
  "textures" : {
    "11" : "block/weathered_cut_copper",
    "12" : "block/stone_bricks",
    "13" : "block/polished_andesite",
    "14" : "block/andesite",
    "15" : "block/stone",
    "16" : "block/anvil",
    "17" : "block/anvil_top",
    "18" : "block/soul_fire_0",
    "19" : "block/chain",
    "0" : "block/deepslate_tiles",
    "1" : "block/deepslate_bricks",
    "2" : "block/weathered_copper",
    "3" : "block/polished_deepslate",
    "4" : "block/oxidized_copper",
    "5" : "block/deepslate",
    "6" : "block/deepslate_top",
    "7" : "block/cobbled_deepslate",
    "8" : "block/polished_basalt_side",
    "9" : "block/polished_basalt_top",
    "10" : "block/soul_soil"
  },
  "elements" : [ {
    "from" : [ 24, -16, 24 ],
    "to" : [ 32, -8, 32 ],
    "faces" : {
      "east" : {
        "uv" : [ 0, 0, 16, 16 ],
        "texture" : "#4"
      },
      "south" : {
        "uv" : [ 0, 0, 16, 16 ],
        "texture" : "#4"
      },
      "north" : {
        "uv" : [ 0, 0, 16, 16 ],
        "texture" : "#4"
      },
      "west" : {
        "uv" : [ 0, 0, 16, 16 ],
        "texture" : "#4"
      },
      "up" : {
        "uv" : [ 0, 0, 16, 16 ],
        "texture" : "#4"
      },
      "down" : {
        "uv" : [ 0, 0, 16, 16 ],
        "texture" : "#4"
      }
    }
  }, {
    "from" : [ 24, -8, 24 ],
    "to" : [ 32, 0, 32 ],
    "faces" : {
      "east" : {
        "uv" : [ 0, 0, 16, 16 ],
        "texture" : "#4"
      },
      "south" : {
        "uv" : [ 0, 0, 16, 16 ],
        "texture" : "#4"
      },
      "north" : {
        "uv" : [ 0, 0, 16, 16 ],
        "texture" : "#4"
      },
      "west" : {
        "uv" : [ 0, 0, 16, 16 ],
        "texture" : "#4"
      },
      "up" : {
        "uv" : [ 0, 0, 16, 16 ],
        "texture" : "#4"
      },
      "down" : {
        "uv" : [ 0, 0, 16, 16 ],
        "texture" : "#4"
      }
    }
  }, {
    "from" : [ 24, 0, 24 ],
    "to" : [ 32, 8, 32 ],
    "faces" : {
      "east" : {
        "uv" : [ 0, 0, 16, 16 ],
        "texture" : "#4"
      },
      "south" : {
        "uv" : [ 0, 0, 16, 16 ],
        "texture" : "#4"
      },
      "north" : {
        "uv" : [ 0, 0, 16, 16 ],
        "texture" : "#4"
      },
      "west" : {
        "uv" : [ 0, 0, 16, 16 ],
        "texture" : "#4"
      },
      "down" : {
        "uv" : [ 0, 0, 16, 16 ],
        "texture" : "#4"
      }
    }
  }, {
    "from" : [ 16, 8, 24 ],
    "to" : [ 24, 16, 32 ],
    "faces" : {
      "south" : {
        "uv" : [ 0, 0, 16, 16 ],
        "texture" : "#8"
      },
      "north" : {
        "uv" : [ 0, 0, 16, 16 ],
        "texture" : "#8"
      },
      "west" : {
        "uv" : [ 0, 0, 16, 16 ],
        "texture" : "#8"
      },
      "up" : {
        "uv" : [ 0, 0, 16, 16 ],
        "texture" : "#9"
      },
      "down" : {
        "uv" : [ 0, 0, 16, 16 ],
        "texture" : "#9"
      }
    }
  }, {
    "from" : [ 24, 8, 16 ],
    "to" : [ 32, 16, 24 ],
    "faces" : {
      "east" : {
        "uv" : [ 0, 0, 16, 16 ],
        "texture" : "#8"
      },
      "north" : {
        "uv" : [ 0, 0, 16, 16 ],
        "texture" : "#8"
      },
      "west" : {
        "uv" : [ 0, 0, 16, 16 ],
        "texture" : "#8"
      },
      "up" : {
        "uv" : [ 0, 0, 16, 16 ],
        "texture" : "#9"
      },
      "down" : {
        "uv" : [ 0, 0, 16, 16 ],
        "texture" : "#9"
      }
    }
  }, {
    "from" : [ 24, 8, 24 ],
    "to" : [ 32, 16, 32 ],
    "faces" : {
      "up" : {
        "uv" : [ 0, 0, 16, 16 ],
        "texture" : "#10"
      },
      "down" : {
        "uv" : [ 0, 0, 16, 16 ],
        "texture" : "#10"
      }
    }
  }, {
    "from" : [ 16, 16, 16 ],
    "to" : [ 24, 24, 24 ],
    "faces" : {
      "east" : {
        "uv" : [ 0, 0, 16, 16 ],
        "texture" : "#3"
      },
      "south" : {
        "uv" : [ 0, 0, 16, 16 ],
        "texture" : "#3"
      },
      "north" : {
        "uv" : [ 0, 0, 16, 16 ],
        "texture" : "#3"
      },
      "west" : {
        "uv" : [ 0, 0, 16, 16 ],
        "texture" : "#3"
      },
      "up" : {
        "uv" : [ 0, 0, 16, 16 ],
        "texture" : "#3"
      },
      "down" : {
        "uv" : [ 0, 0, 16, 16 ],
        "texture" : "#3"
      }
    }
  }, {
    "from" : [ 16, 24, 24 ],
    "to" : [ 24, 32, 32 ],
    "faces" : {
      "east" : {
        "uv" : [ 0, 0, 16, 16 ],
        "texture" : "#0"
      },
      "south" : {
        "uv" : [ 0, 0, 16, 16 ],
        "texture" : "#0"
      },
      "north" : {
        "uv" : [ 0, 0, 16, 16 ],
        "texture" : "#0"
      },
      "west" : {
        "uv" : [ 0, 0, 16, 16 ],
        "texture" : "#0"
      },
      "up" : {
        "uv" : [ 0, 0, 16, 16 ],
        "texture" : "#0"
      },
      "down" : {
        "uv" : [ 0, 0, 16, 16 ],
        "texture" : "#0"
      }
    }
  }, {
    "from" : [ 24, 24, 16 ],
    "to" : [ 32, 32, 24 ],
    "faces" : {
      "east" : {
        "uv" : [ 0, 0, 16, 16 ],
        "texture" : "#0"
      },
      "south" : {
        "uv" : [ 0, 0, 16, 16 ],
        "texture" : "#0"
      },
      "north" : {
        "uv" : [ 0, 0, 16, 16 ],
        "texture" : "#0"
      },
      "west" : {
        "uv" : [ 0, 0, 16, 16 ],
        "texture" : "#0"
      },
      "up" : {
        "uv" : [ 0, 0, 16, 16 ],
        "texture" : "#0"
      },
      "down" : {
        "uv" : [ 0, 0, 16, 16 ],
        "texture" : "#0"
      }
    }
  }, {
    "from" : [ 18, -16, 26 ],
    "to" : [ 22, -8, 30 ],
    "faces" : {
      "east" : {
        "uv" : [ 4, 0, 12, 16 ],
        "texture" : "#3"
      },
      "south" : {
        "uv" : [ 4, 0, 12, 16 ],
        "texture" : "#3"
      },
      "north" : {
        "uv" : [ 4, 0, 12, 16 ],
        "texture" : "#3"
      },
      "west" : {
        "uv" : [ 4, 0, 12, 16 ],
        "texture" : "#3"
      },
      "up" : {
        "uv" : [ 4, 4, 12, 12 ],
        "texture" : "#3"
      }
    }
  }, {
    "from" : [ 20, -16, 26 ],
    "to" : [ 24, -8, 29 ],
    "faces" : {
      "east" : {
        "uv" : [ 5, 0, 11, 16 ],
        "texture" : "#3"
      },
      "south" : {
        "uv" : [ 8, 0, 16, 16 ],
        "texture" : "#3"
      },
      "north" : {
        "uv" : [ 0, 0, 8, 16 ],
        "texture" : "#3"
      },
      "up" : {
        "uv" : [ 8, 5, 16, 11 ],
        "texture" : "#3"
      }
    }
  }, {
    "from" : [ 26, -16, 18 ],
    "to" : [ 30, -8, 22 ],
    "faces" : {
      "east" : {
        "uv" : [ 4, 0, 12, 16 ],
        "texture" : "#3"
      },
      "south" : {
        "uv" : [ 4, 0, 12, 16 ],
        "texture" : "#3"
      },
      "north" : {
        "uv" : [ 4, 0, 12, 16 ],
        "texture" : "#3"
      },
      "west" : {
        "uv" : [ 4, 0, 12, 16 ],
        "texture" : "#3"
      },
      "up" : {
        "uv" : [ 4, 4, 12, 12 ],
        "texture" : "#3"
      }
    }
  }, {
    "from" : [ 26, -16, 20 ],
    "to" : [ 29, -8, 24 ],
    "faces" : {
      "east" : {
        "uv" : [ 0, 0, 8, 16 ],
        "texture" : "#3"
      },
      "south" : {
        "uv" : [ 5, 0, 11, 16 ],
        "texture" : "#3"
      },
      "west" : {
        "uv" : [ 8, 0, 16, 16 ],
        "texture" : "#3"
      },
      "up" : {
        "uv" : [ 5, 8, 11, 16 ],
        "texture" : "#3"
      }
    }
  }, {
    "from" : [ 18, -8, 26 ],
    "to" : [ 22, 0, 30 ],
    "faces" : {
      "east" : {
        "uv" : [ 4, 0, 12, 16 ],
        "texture" : "#3"
      },
      "south" : {
        "uv" : [ 4, 0, 12, 16 ],
        "texture" : "#3"
      },
      "north" : {
        "uv" : [ 4, 0, 12, 16 ],
        "texture" : "#3"
      },
      "west" : {
        "uv" : [ 4, 0, 12, 16 ],
        "texture" : "#3"
      },
      "up" : {
        "uv" : [ 4, 4, 12, 12 ],
        "texture" : "#3"
      },
      "down" : {
        "uv" : [ 4, 4, 12, 12 ],
        "texture" : "#3"
      }
    }
  }, {
    "from" : [ 20, -8, 26 ],
    "to" : [ 24, 0, 29 ],
    "faces" : {
      "east" : {
        "uv" : [ 5, 0, 11, 16 ],
        "texture" : "#3"
      },
      "south" : {
        "uv" : [ 8, 0, 16, 16 ],
        "texture" : "#3"
      },
      "north" : {
        "uv" : [ 0, 0, 8, 16 ],
        "texture" : "#3"
      },
      "up" : {
        "uv" : [ 8, 5, 16, 11 ],
        "texture" : "#3"
      },
      "down" : {
        "uv" : [ 8, 5, 16, 11 ],
        "texture" : "#3"
      }
    }
  }, {
    "from" : [ 26, -8, 18 ],
    "to" : [ 30, 0, 22 ],
    "faces" : {
      "east" : {
        "uv" : [ 4, 0, 12, 16 ],
        "texture" : "#3"
      },
      "south" : {
        "uv" : [ 4, 0, 12, 16 ],
        "texture" : "#3"
      },
      "north" : {
        "uv" : [ 4, 0, 12, 16 ],
        "texture" : "#3"
      },
      "west" : {
        "uv" : [ 4, 0, 12, 16 ],
        "texture" : "#3"
      },
      "up" : {
        "uv" : [ 4, 4, 12, 12 ],
        "texture" : "#3"
      },
      "down" : {
        "uv" : [ 4, 4, 12, 12 ],
        "texture" : "#3"
      }
    }
  }, {
    "from" : [ 26, -8, 20 ],
    "to" : [ 29, 0, 24 ],
    "faces" : {
      "east" : {
        "uv" : [ 0, 0, 8, 16 ],
        "texture" : "#3"
      },
      "south" : {
        "uv" : [ 5, 0, 11, 16 ],
        "texture" : "#3"
      },
      "west" : {
        "uv" : [ 8, 0, 16, 16 ],
        "texture" : "#3"
      },
      "up" : {
        "uv" : [ 5, 8, 11, 16 ],
        "texture" : "#3"
      },
      "down" : {
        "uv" : [ 5, 0, 11, 8 ],
        "texture" : "#3"
      }
    }
  }, {
    "from" : [ 18, 0, 26 ],
    "to" : [ 22, 8, 30 ],
    "faces" : {
      "east" : {
        "uv" : [ 4, 0, 12, 16 ],
        "texture" : "#3"
      },
      "south" : {
        "uv" : [ 4, 0, 12, 16 ],
        "texture" : "#3"
      },
      "north" : {
        "uv" : [ 4, 0, 12, 16 ],
        "texture" : "#3"
      },
      "west" : {
        "uv" : [ 4, 0, 12, 16 ],
        "texture" : "#3"
      },
      "down" : {
        "uv" : [ 4, 4, 12, 12 ],
        "texture" : "#3"
      }
    }
  }, {
    "from" : [ 20, 0, 26 ],
    "to" : [ 24, 8, 29 ],
    "faces" : {
      "east" : {
        "uv" : [ 5, 0, 11, 16 ],
        "texture" : "#3"
      },
      "south" : {
        "uv" : [ 8, 0, 16, 16 ],
        "texture" : "#3"
      },
      "north" : {
        "uv" : [ 0, 0, 8, 16 ],
        "texture" : "#3"
      },
      "down" : {
        "uv" : [ 8, 5, 16, 11 ],
        "texture" : "#3"
      }
    }
  }, {
    "from" : [ 26, 0, 18 ],
    "to" : [ 30, 8, 22 ],
    "faces" : {
      "east" : {
        "uv" : [ 4, 0, 12, 16 ],
        "texture" : "#3"
      },
      "south" : {
        "uv" : [ 4, 0, 12, 16 ],
        "texture" : "#3"
      },
      "north" : {
        "uv" : [ 4, 0, 12, 16 ],
        "texture" : "#3"
      },
      "west" : {
        "uv" : [ 4, 0, 12, 16 ],
        "texture" : "#3"
      },
      "down" : {
        "uv" : [ 4, 4, 12, 12 ],
        "texture" : "#3"
      }
    }
  }, {
    "from" : [ 26, 0, 20 ],
    "to" : [ 29, 8, 24 ],
    "faces" : {
      "east" : {
        "uv" : [ 0, 0, 8, 16 ],
        "texture" : "#3"
      },
      "south" : {
        "uv" : [ 5, 0, 11, 16 ],
        "texture" : "#3"
      },
      "west" : {
        "uv" : [ 8, 0, 16, 16 ],
        "texture" : "#3"
      },
      "down" : {
        "uv" : [ 5, 0, 11, 8 ],
        "texture" : "#3"
      }
    }
  }, {
    "from" : [ 18, 8, 18 ],
    "to" : [ 22, 16, 22 ],
    "faces" : {
      "east" : {
        "uv" : [ 4, 0, 12, 16 ],
        "texture" : "#1"
      },
      "south" : {
        "uv" : [ 4, 0, 12, 16 ],
        "texture" : "#1"
      },
      "north" : {
        "uv" : [ 4, 0, 12, 16 ],
        "texture" : "#1"
      },
      "west" : {
        "uv" : [ 4, 0, 12, 16 ],
        "texture" : "#1"
      },
      "up" : {
        "uv" : [ 4, 4, 12, 12 ],
        "texture" : "#1"
      },
      "down" : {
        "uv" : [ 4, 4, 12, 12 ],
        "texture" : "#1"
      }
    }
  }, {
    "from" : [ 20, 8, 18 ],
    "to" : [ 24, 16, 21 ],
    "faces" : {
      "south" : {
        "uv" : [ 8, 0, 16, 16 ],
        "texture" : "#1"
      },
      "north" : {
        "uv" : [ 0, 0, 8, 16 ],
        "texture" : "#1"
      },
      "up" : {
        "uv" : [ 8, 5, 16, 11 ],
        "texture" : "#1"
      },
      "down" : {
        "uv" : [ 8, 5, 16, 11 ],
        "texture" : "#1"
      }
    }
  }, {
    "from" : [ 18, 8, 20 ],
    "to" : [ 21, 16, 24 ],
    "faces" : {
      "east" : {
        "uv" : [ 0, 0, 8, 16 ],
        "texture" : "#1"
      },
      "west" : {
        "uv" : [ 8, 0, 16, 16 ],
        "texture" : "#1"
      },
      "up" : {
        "uv" : [ 5, 8, 11, 16 ],
        "texture" : "#1"
      },
      "down" : {
        "uv" : [ 5, 0, 11, 8 ],
        "texture" : "#1"
      }
    }
  }, {
    "from" : [ 16, 16, 24 ],
    "to" : [ 24, 20, 32 ],
    "faces" : {
      "east" : {
        "uv" : [ 0, 8, 16, 16 ],
        "texture" : "#3"
      },
      "south" : {
        "uv" : [ 0, 8, 16, 16 ],
        "texture" : "#3"
      },
      "north" : {
        "uv" : [ 0, 8, 16, 16 ],
        "texture" : "#3"
      },
      "west" : {
        "uv" : [ 0, 8, 16, 16 ],
        "texture" : "#3"
      },
      "up" : {
        "uv" : [ 0, 0, 16, 16 ],
        "texture" : "#3"
      }
    }
  }, {
    "from" : [ 24, 16, 16 ],
    "to" : [ 32, 20, 24 ],
    "faces" : {
      "east" : {
        "uv" : [ 0, 8, 16, 16 ],
        "texture" : "#3"
      },
      "south" : {
        "uv" : [ 0, 8, 16, 16 ],
        "texture" : "#3"
      },
      "north" : {
        "uv" : [ 0, 8, 16, 16 ],
        "texture" : "#3"
      },
      "west" : {
        "uv" : [ 0, 8, 16, 16 ],
        "texture" : "#3"
      },
      "up" : {
        "uv" : [ 0, 0, 16, 16 ],
        "texture" : "#3"
      }
    }
  }, {
    "from" : [ 24, 16, 28 ],
    "to" : [ 32, 27, 28 ],
    "faces" : {
      "south" : {
        "uv" : [ 0, 0, 16, 16 ],
        "texture" : "#18"
      }
    }
  }, {
    "from" : [ 24, 16, 27 ],
    "to" : [ 32, 27, 27 ],
    "faces" : {
      "north" : {
        "uv" : [ 0, 0, 16, 16 ],
        "texture" : "#18"
      }
    }
  }, {
    "from" : [ 28, 16, 24 ],
    "to" : [ 28, 27, 32 ],
    "faces" : {
      "west" : {
        "uv" : [ 0, 0, 16, 16 ],
        "texture" : "#18"
      }
    }
  }, {
    "from" : [ 27, 16, 24 ],
    "to" : [ 27, 27, 32 ],
    "faces" : {
      "east" : {
        "uv" : [ 0, 0, 16, 16 ],
        "texture" : "#18"
      }
    }
  }, {
    "from" : [ 24, 16, 24 ],
    "to" : [ 32, 27, 24 ],
    "faces" : {
      "south" : {
        "uv" : [ 0, 0, 16, 16 ],
        "texture" : "#18"
      },
      "north" : {
        "uv" : [ 0, 0, 16, 16 ],
        "texture" : "#18"
      }
    }
  }, {
    "from" : [ 31, 16, 24 ],
    "to" : [ 31, 27, 32 ],
    "faces" : {
      "east" : {
        "uv" : [ 0, 0, 16, 16 ],
        "texture" : "#18"
      },
      "west" : {
        "uv" : [ 0, 0, 16, 16 ],
        "texture" : "#18"
      }
    }
  }, {
    "from" : [ 24, 16, 31 ],
    "to" : [ 32, 27, 31 ],
    "faces" : {
      "south" : {
        "uv" : [ 0, 0, 16, 16 ],
        "texture" : "#18"
      },
      "north" : {
        "uv" : [ 0, 0, 16, 16 ],
        "texture" : "#18"
      }
    }
  }, {
    "from" : [ 24, 16, 24 ],
    "to" : [ 24, 27, 32 ],
    "faces" : {
      "east" : {
        "uv" : [ 0, 0, 16, 16 ],
        "texture" : "#18"
      },
      "west" : {
        "uv" : [ 0, 0, 16, 16 ],
        "texture" : "#18"
      }
    }
  }, {
    "from" : [ 16, 24, 16 ],
    "to" : [ 24, 28, 24 ],
    "faces" : {
      "east" : {
        "uv" : [ 0, 8, 16, 16 ],
        "texture" : "#0"
      },
      "south" : {
        "uv" : [ 0, 8, 16, 16 ],
        "texture" : "#0"
      },
      "north" : {
        "uv" : [ 0, 8, 16, 16 ],
        "texture" : "#0"
      },
      "west" : {
        "uv" : [ 0, 8, 16, 16 ],
        "texture" : "#0"
      },
      "up" : {
        "uv" : [ 0, 0, 16, 16 ],
        "texture" : "#0"
      },
      "down" : {
        "uv" : [ 0, 0, 16, 16 ],
        "texture" : "#0"
      }
    }
  } ],
  "display" : {
    "head" : {
      "translation" : [ 0.0, -43.25, 0.0 ],
      "scale" : [ 3.2, 3.2, 3.2 ]
    }
  }
}