{
  "textures" : {
    "11" : "block/stone_bricks",
    "12" : "block/andesite",
    "13" : "block/polished_andesite",
    "14" : "block/stone",
    "15" : "block/anvil",
    "16" : "block/anvil_top",
    "17" : "block/soul_fire_0",
    "18" : "block/chain",
    "0" : "block/deepslate_tiles",
    "1" : "block/deepslate_bricks",
    "2" : "block/oxidized_copper",
    "3" : "block/weathered_copper",
    "4" : "block/polished_deepslate",
    "5" : "block/deepslate",
    "6" : "block/deepslate_top",
    "7" : "block/cobbled_deepslate",
    "8" : "block/polished_basalt_side",
    "9" : "block/polished_basalt_top",
    "10" : "block/soul_soil"
  },
  "elements" : [ {
    "from" : [ 24, -16, -8 ],
    "to" : [ 32, -8, 0 ],
    "faces" : {
      "east" : {
        "uv" : [ 0, 0, 16, 16 ],
        "texture" : "#3"
      },
      "south" : {
        "uv" : [ 0, 0, 16, 16 ],
        "texture" : "#3"
      },
      "north" : {
        "uv" : [ 0, 0, 16, 16 ],
        "texture" : "#3"
      },
      "west" : {
        "uv" : [ 0, 0, 16, 16 ],
        "texture" : "#3"
      },
      "up" : {
        "uv" : [ 0, 0, 16, 16 ],
        "texture" : "#3"
      },
      "down" : {
        "uv" : [ 0, 0, 16, 16 ],
        "texture" : "#3"
      }
    }
  }, {
    "from" : [ 24, -8, -8 ],
    "to" : [ 32, 0, 0 ],
    "faces" : {
      "east" : {
        "uv" : [ 0, 0, 16, 16 ],
        "texture" : "#3"
      },
      "south" : {
        "uv" : [ 0, 0, 16, 16 ],
        "texture" : "#3"
      },
      "north" : {
        "uv" : [ 0, 0, 16, 16 ],
        "texture" : "#3"
      },
      "west" : {
        "uv" : [ 0, 0, 16, 16 ],
        "texture" : "#3"
      },
      "up" : {
        "uv" : [ 0, 0, 16, 16 ],
        "texture" : "#3"
      },
      "down" : {
        "uv" : [ 0, 0, 16, 16 ],
        "texture" : "#3"
      }
    }
  }, {
    "from" : [ 24, 0, -8 ],
    "to" : [ 32, 8, 0 ],
    "faces" : {
      "east" : {
        "uv" : [ 0, 0, 16, 16 ],
        "texture" : "#3"
      },
      "south" : {
        "uv" : [ 0, 0, 16, 16 ],
        "texture" : "#3"
      },
      "north" : {
        "uv" : [ 0, 0, 16, 16 ],
        "texture" : "#3"
      },
      "west" : {
        "uv" : [ 0, 0, 16, 16 ],
        "texture" : "#3"
      },
      "down" : {
        "uv" : [ 0, 0, 16, 16 ],
        "texture" : "#3"
      }
    }
  }, {
    "from" : [ 16, 8, -8 ],
    "to" : [ 24, 16, 0 ],
    "faces" : {
      "south" : {
        "uv" : [ 0, 0, 16, 16 ],
        "texture" : "#8"
      },
      "north" : {
        "uv" : [ 0, 0, 16, 16 ],
        "texture" : "#8"
      },
      "west" : {
        "uv" : [ 0, 0, 16, 16 ],
        "texture" : "#8"
      },
      "up" : {
        "uv" : [ 0, 0, 16, 16 ],
        "texture" : "#9"
      },
      "down" : {
        "uv" : [ 0, 0, 16, 16 ],
        "texture" : "#9"
      }
    }
  }, {
    "from" : [ 24, 8, -16 ],
    "to" : [ 32, 16, -8 ],
    "faces" : {
      "east" : {
        "uv" : [ 0, 0, 16, 16 ],
        "texture" : "#8"
      },
      "north" : {
        "uv" : [ 0, 0, 16, 16 ],
        "texture" : "#8"
      },
      "west" : {
        "uv" : [ 0, 0, 16, 16 ],
        "texture" : "#8"
      },
      "up" : {
        "uv" : [ 0, 0, 16, 16 ],
        "texture" : "#9"
      },
      "down" : {
        "uv" : [ 0, 0, 16, 16 ],
        "texture" : "#9"
      }
    }
  }, {
    "from" : [ 24, 8, -8 ],
    "to" : [ 32, 16, 0 ],
    "faces" : {
      "up" : {
        "uv" : [ 0, 0, 16, 16 ],
        "texture" : "#10"
      },
      "down" : {
        "uv" : [ 0, 0, 16, 16 ],
        "texture" : "#10"
      }
    }
  }, {
    "from" : [ 24, 8, 0 ],
    "to" : [ 32, 16, 8 ],
    "faces" : {
      "east" : {
        "uv" : [ 0, 0, 16, 16 ],
        "texture" : "#8"
      },
      "south" : {
        "uv" : [ 0, 0, 16, 16 ],
        "texture" : "#8"
      },
      "west" : {
        "uv" : [ 0, 0, 16, 16 ],
        "texture" : "#8"
      },
      "up" : {
        "uv" : [ 0, 0, 16, 16 ],
        "texture" : "#9"
      },
      "down" : {
        "uv" : [ 0, 0, 16, 16 ],
        "texture" : "#9"
      }
    }
  }, {
    "from" : [ 16, 16, -16 ],
    "to" : [ 24, 24, -8 ],
    "faces" : {
      "east" : {
        "uv" : [ 0, 0, 16, 16 ],
        "texture" : "#4"
      },
      "south" : {
        "uv" : [ 0, 0, 16, 16 ],
        "texture" : "#4"
      },
      "north" : {
        "uv" : [ 0, 0, 16, 16 ],
        "texture" : "#4"
      },
      "west" : {
        "uv" : [ 0, 0, 16, 16 ],
        "texture" : "#4"
      },
      "up" : {
        "uv" : [ 0, 0, 16, 16 ],
        "texture" : "#4"
      },
      "down" : {
        "uv" : [ 0, 0, 16, 16 ],
        "texture" : "#4"
      }
    }
  }, {
    "from" : [ 16, 16, 0 ],
    "to" : [ 24, 24, 8 ],
    "faces" : {
      "east" : {
        "uv" : [ 0, 0, 16, 16 ],
        "texture" : "#4"
      },
      "south" : {
        "uv" : [ 0, 0, 16, 16 ],
        "texture" : "#4"
      },
      "north" : {
        "uv" : [ 0, 0, 16, 16 ],
        "texture" : "#4"
      },
      "west" : {
        "uv" : [ 0, 0, 16, 16 ],
        "texture" : "#4"
      },
      "up" : {
        "uv" : [ 0, 0, 16, 16 ],
        "texture" : "#4"
      },
      "down" : {
        "uv" : [ 0, 0, 16, 16 ],
        "texture" : "#4"
      }
    }
  }, {
    "from" : [ 16, 24, -8 ],
    "to" : [ 24, 32, 0 ],
    "faces" : {
      "east" : {
        "uv" : [ 0, 0, 16, 16 ],
        "texture" : "#0"
      },
      "south" : {
        "uv" : [ 0, 0, 16, 16 ],
        "texture" : "#0"
      },
      "north" : {
        "uv" : [ 0, 0, 16, 16 ],
        "texture" : "#0"
      },
      "west" : {
        "uv" : [ 0, 0, 16, 16 ],
        "texture" : "#0"
      },
      "up" : {
        "uv" : [ 0, 0, 16, 16 ],
        "texture" : "#0"
      },
      "down" : {
        "uv" : [ 0, 0, 16, 16 ],
        "texture" : "#0"
      }
    }
  }, {
    "from" : [ 24, 24, -16 ],
    "to" : [ 32, 32, -8 ],
    "faces" : {
      "east" : {
        "uv" : [ 0, 0, 16, 16 ],
        "texture" : "#0"
      },
      "south" : {
        "uv" : [ 0, 0, 16, 16 ],
        "texture" : "#0"
      },
      "north" : {
        "uv" : [ 0, 0, 16, 16 ],
        "texture" : "#0"
      },
      "west" : {
        "uv" : [ 0, 0, 16, 16 ],
        "texture" : "#0"
      },
      "up" : {
        "uv" : [ 0, 0, 16, 16 ],
        "texture" : "#0"
      },
      "down" : {
        "uv" : [ 0, 0, 16, 16 ],
        "texture" : "#0"
      }
    }
  }, {
    "from" : [ 24, 24, 0 ],
    "to" : [ 32, 32, 8 ],
    "faces" : {
      "east" : {
        "uv" : [ 0, 0, 16, 16 ],
        "texture" : "#0"
      },
      "south" : {
        "uv" : [ 0, 0, 16, 16 ],
        "texture" : "#0"
      },
      "north" : {
        "uv" : [ 0, 0, 16, 16 ],
        "texture" : "#0"
      },
      "west" : {
        "uv" : [ 0, 0, 16, 16 ],
        "texture" : "#0"
      },
      "up" : {
        "uv" : [ 0, 0, 16, 16 ],
        "texture" : "#0"
      },
      "down" : {
        "uv" : [ 0, 0, 16, 16 ],
        "texture" : "#0"
      }
    }
  }, {
    "from" : [ 18, -16, -6 ],
    "to" : [ 22, -8, -2 ],
    "faces" : {
      "east" : {
        "uv" : [ 4, 0, 12, 16 ],
        "texture" : "#4"
      },
      "south" : {
        "uv" : [ 4, 0, 12, 16 ],
        "texture" : "#4"
      },
      "north" : {
        "uv" : [ 4, 0, 12, 16 ],
        "texture" : "#4"
      },
      "west" : {
        "uv" : [ 4, 0, 12, 16 ],
        "texture" : "#4"
      },
      "up" : {
        "uv" : [ 4, 4, 12, 12 ],
        "texture" : "#4"
      }
    }
  }, {
    "from" : [ 20, -16, -6 ],
    "to" : [ 24, -8, -3 ],
    "faces" : {
      "east" : {
        "uv" : [ 5, 0, 11, 16 ],
        "texture" : "#4"
      },
      "south" : {
        "uv" : [ 8, 0, 16, 16 ],
        "texture" : "#4"
      },
      "north" : {
        "uv" : [ 0, 0, 8, 16 ],
        "texture" : "#4"
      },
      "up" : {
        "uv" : [ 8, 5, 16, 11 ],
        "texture" : "#4"
      }
    }
  }, {
    "from" : [ 26, -16, -14 ],
    "to" : [ 30, -8, -10 ],
    "faces" : {
      "east" : {
        "uv" : [ 4, 0, 12, 16 ],
        "texture" : "#4"
      },
      "south" : {
        "uv" : [ 4, 0, 12, 16 ],
        "texture" : "#4"
      },
      "north" : {
        "uv" : [ 4, 0, 12, 16 ],
        "texture" : "#4"
      },
      "west" : {
        "uv" : [ 4, 0, 12, 16 ],
        "texture" : "#4"
      },
      "up" : {
        "uv" : [ 4, 4, 12, 12 ],
        "texture" : "#4"
      }
    }
  }, {
    "from" : [ 26, -16, -12 ],
    "to" : [ 29, -8, -8 ],
    "faces" : {
      "east" : {
        "uv" : [ 0, 0, 8, 16 ],
        "texture" : "#4"
      },
      "south" : {
        "uv" : [ 5, 0, 11, 16 ],
        "texture" : "#4"
      },
      "west" : {
        "uv" : [ 8, 0, 16, 16 ],
        "texture" : "#4"
      },
      "up" : {
        "uv" : [ 5, 8, 11, 16 ],
        "texture" : "#4"
      }
    }
  }, {
    "from" : [ 26, -16, 2 ],
    "to" : [ 30, -8, 6 ],
    "faces" : {
      "east" : {
        "uv" : [ 4, 0, 12, 16 ],
        "texture" : "#4"
      },
      "south" : {
        "uv" : [ 4, 0, 12, 16 ],
        "texture" : "#4"
      },
      "north" : {
        "uv" : [ 4, 0, 12, 16 ],
        "texture" : "#4"
      },
      "west" : {
        "uv" : [ 4, 0, 12, 16 ],
        "texture" : "#4"
      },
      "up" : {
        "uv" : [ 4, 4, 12, 12 ],
        "texture" : "#4"
      }
    }
  }, {
    "from" : [ 26, -16, 0 ],
    "to" : [ 29, -8, 4 ],
    "faces" : {
      "east" : {
        "uv" : [ 8, 0, 16, 16 ],
        "texture" : "#4"
      },
      "north" : {
        "uv" : [ 5, 0, 11, 16 ],
        "texture" : "#4"
      },
      "west" : {
        "uv" : [ 0, 0, 8, 16 ],
        "texture" : "#4"
      },
      "up" : {
        "uv" : [ 5, 0, 11, 8 ],
        "texture" : "#4"
      }
    }
  }, {
    "from" : [ 18, -8, -6 ],
    "to" : [ 22, 0, -2 ],
    "faces" : {
      "east" : {
        "uv" : [ 4, 0, 12, 16 ],
        "texture" : "#4"
      },
      "south" : {
        "uv" : [ 4, 0, 12, 16 ],
        "texture" : "#4"
      },
      "north" : {
        "uv" : [ 4, 0, 12, 16 ],
        "texture" : "#4"
      },
      "west" : {
        "uv" : [ 4, 0, 12, 16 ],
        "texture" : "#4"
      },
      "up" : {
        "uv" : [ 4, 4, 12, 12 ],
        "texture" : "#4"
      },
      "down" : {
        "uv" : [ 4, 4, 12, 12 ],
        "texture" : "#4"
      }
    }
  }, {
    "from" : [ 20, -8, -6 ],
    "to" : [ 24, 0, -3 ],
    "faces" : {
      "east" : {
        "uv" : [ 5, 0, 11, 16 ],
        "texture" : "#4"
      },
      "south" : {
        "uv" : [ 8, 0, 16, 16 ],
        "texture" : "#4"
      },
      "north" : {
        "uv" : [ 0, 0, 8, 16 ],
        "texture" : "#4"
      },
      "up" : {
        "uv" : [ 8, 5, 16, 11 ],
        "texture" : "#4"
      },
      "down" : {
        "uv" : [ 8, 5, 16, 11 ],
        "texture" : "#4"
      }
    }
  }, {
    "from" : [ 26, -8, -14 ],
    "to" : [ 30, 0, -10 ],
    "faces" : {
      "east" : {
        "uv" : [ 4, 0, 12, 16 ],
        "texture" : "#4"
      },
      "south" : {
        "uv" : [ 4, 0, 12, 16 ],
        "texture" : "#4"
      },
      "north" : {
        "uv" : [ 4, 0, 12, 16 ],
        "texture" : "#4"
      },
      "west" : {
        "uv" : [ 4, 0, 12, 16 ],
        "texture" : "#4"
      },
      "up" : {
        "uv" : [ 4, 4, 12, 12 ],
        "texture" : "#4"
      },
      "down" : {
        "uv" : [ 4, 4, 12, 12 ],
        "texture" : "#4"
      }
    }
  }, {
    "from" : [ 26, -8, -12 ],
    "to" : [ 29, 0, -8 ],
    "faces" : {
      "east" : {
        "uv" : [ 0, 0, 8, 16 ],
        "texture" : "#4"
      },
      "south" : {
        "uv" : [ 5, 0, 11, 16 ],
        "texture" : "#4"
      },
      "west" : {
        "uv" : [ 8, 0, 16, 16 ],
        "texture" : "#4"
      },
      "up" : {
        "uv" : [ 5, 8, 11, 16 ],
        "texture" : "#4"
      },
      "down" : {
        "uv" : [ 5, 0, 11, 8 ],
        "texture" : "#4"
      }
    }
  }, {
    "from" : [ 26, -8, 2 ],
    "to" : [ 30, 0, 6 ],
    "faces" : {
      "east" : {
        "uv" : [ 4, 0, 12, 16 ],
        "texture" : "#4"
      },
      "south" : {
        "uv" : [ 4, 0, 12, 16 ],
        "texture" : "#4"
      },
      "north" : {
        "uv" : [ 4, 0, 12, 16 ],
        "texture" : "#4"
      },
      "west" : {
        "uv" : [ 4, 0, 12, 16 ],
        "texture" : "#4"
      },
      "up" : {
        "uv" : [ 4, 4, 12, 12 ],
        "texture" : "#4"
      },
      "down" : {
        "uv" : [ 4, 4, 12, 12 ],
        "texture" : "#4"
      }
    }
  }, {
    "from" : [ 26, -8, 0 ],
    "to" : [ 29, 0, 4 ],
    "faces" : {
      "east" : {
        "uv" : [ 8, 0, 16, 16 ],
        "texture" : "#4"
      },
      "north" : {
        "uv" : [ 5, 0, 11, 16 ],
        "texture" : "#4"
      },
      "west" : {
        "uv" : [ 0, 0, 8, 16 ],
        "texture" : "#4"
      },
      "up" : {
        "uv" : [ 5, 0, 11, 8 ],
        "texture" : "#4"
      },
      "down" : {
        "uv" : [ 5, 8, 11, 16 ],
        "texture" : "#4"
      }
    }
  }, {
    "from" : [ 18, 0, -6 ],
    "to" : [ 22, 8, -2 ],
    "faces" : {
      "east" : {
        "uv" : [ 4, 0, 12, 16 ],
        "texture" : "#4"
      },
      "south" : {
        "uv" : [ 4, 0, 12, 16 ],
        "texture" : "#4"
      },
      "north" : {
        "uv" : [ 4, 0, 12, 16 ],
        "texture" : "#4"
      },
      "west" : {
        "uv" : [ 4, 0, 12, 16 ],
        "texture" : "#4"
      },
      "down" : {
        "uv" : [ 4, 4, 12, 12 ],
        "texture" : "#4"
      }
    }
  }, {
    "from" : [ 20, 0, -6 ],
    "to" : [ 24, 8, -3 ],
    "faces" : {
      "east" : {
        "uv" : [ 5, 0, 11, 16 ],
        "texture" : "#4"
      },
      "south" : {
        "uv" : [ 8, 0, 16, 16 ],
        "texture" : "#4"
      },
      "north" : {
        "uv" : [ 0, 0, 8, 16 ],
        "texture" : "#4"
      },
      "down" : {
        "uv" : [ 8, 5, 16, 11 ],
        "texture" : "#4"
      }
    }
  }, {
    "from" : [ 26, 0, -14 ],
    "to" : [ 30, 8, -10 ],
    "faces" : {
      "east" : {
        "uv" : [ 4, 0, 12, 16 ],
        "texture" : "#4"
      },
      "south" : {
        "uv" : [ 4, 0, 12, 16 ],
        "texture" : "#4"
      },
      "north" : {
        "uv" : [ 4, 0, 12, 16 ],
        "texture" : "#4"
      },
      "west" : {
        "uv" : [ 4, 0, 12, 16 ],
        "texture" : "#4"
      },
      "down" : {
        "uv" : [ 4, 4, 12, 12 ],
        "texture" : "#4"
      }
    }
  }, {
    "from" : [ 26, 0, -12 ],
    "to" : [ 29, 8, -8 ],
    "faces" : {
      "east" : {
        "uv" : [ 0, 0, 8, 16 ],
        "texture" : "#4"
      },
      "south" : {
        "uv" : [ 5, 0, 11, 16 ],
        "texture" : "#4"
      },
      "west" : {
        "uv" : [ 8, 0, 16, 16 ],
        "texture" : "#4"
      },
      "down" : {
        "uv" : [ 5, 0, 11, 8 ],
        "texture" : "#4"
      }
    }
  }, {
    "from" : [ 26, 0, 2 ],
    "to" : [ 30, 8, 6 ],
    "faces" : {
      "east" : {
        "uv" : [ 4, 0, 12, 16 ],
        "texture" : "#4"
      },
      "south" : {
        "uv" : [ 4, 0, 12, 16 ],
        "texture" : "#4"
      },
      "north" : {
        "uv" : [ 4, 0, 12, 16 ],
        "texture" : "#4"
      },
      "west" : {
        "uv" : [ 4, 0, 12, 16 ],
        "texture" : "#4"
      },
      "down" : {
        "uv" : [ 4, 4, 12, 12 ],
        "texture" : "#4"
      }
    }
  }, {
    "from" : [ 26, 0, 0 ],
    "to" : [ 29, 8, 4 ],
    "faces" : {
      "east" : {
        "uv" : [ 8, 0, 16, 16 ],
        "texture" : "#4"
      },
      "north" : {
        "uv" : [ 5, 0, 11, 16 ],
        "texture" : "#4"
      },
      "west" : {
        "uv" : [ 0, 0, 8, 16 ],
        "texture" : "#4"
      },
      "down" : {
        "uv" : [ 5, 8, 11, 16 ],
        "texture" : "#4"
      }
    }
  }, {
    "from" : [ 18, 8, -14 ],
    "to" : [ 22, 16, -10 ],
    "faces" : {
      "east" : {
        "uv" : [ 4, 0, 12, 16 ],
        "texture" : "#1"
      },
      "south" : {
        "uv" : [ 4, 0, 12, 16 ],
        "texture" : "#1"
      },
      "north" : {
        "uv" : [ 4, 0, 12, 16 ],
        "texture" : "#1"
      },
      "west" : {
        "uv" : [ 4, 0, 12, 16 ],
        "texture" : "#1"
      },
      "up" : {
        "uv" : [ 4, 4, 12, 12 ],
        "texture" : "#1"
      },
      "down" : {
        "uv" : [ 4, 4, 12, 12 ],
        "texture" : "#1"
      }
    }
  }, {
    "from" : [ 20, 8, -14 ],
    "to" : [ 24, 16, -11 ],
    "faces" : {
      "south" : {
        "uv" : [ 8, 0, 16, 16 ],
        "texture" : "#1"
      },
      "north" : {
        "uv" : [ 0, 0, 8, 16 ],
        "texture" : "#1"
      },
      "up" : {
        "uv" : [ 8, 5, 16, 11 ],
        "texture" : "#1"
      },
      "down" : {
        "uv" : [ 8, 5, 16, 11 ],
        "texture" : "#1"
      }
    }
  }, {
    "from" : [ 18, 8, -12 ],
    "to" : [ 21, 16, -8 ],
    "faces" : {
      "east" : {
        "uv" : [ 0, 0, 8, 16 ],
        "texture" : "#1"
      },
      "west" : {
        "uv" : [ 8, 0, 16, 16 ],
        "texture" : "#1"
      },
      "up" : {
        "uv" : [ 5, 8, 11, 16 ],
        "texture" : "#1"
      },
      "down" : {
        "uv" : [ 5, 0, 11, 8 ],
        "texture" : "#1"
      }
    }
  }, {
    "from" : [ 18, 8, 2 ],
    "to" : [ 22, 16, 6 ],
    "faces" : {
      "east" : {
        "uv" : [ 4, 0, 12, 16 ],
        "texture" : "#1"
      },
      "south" : {
        "uv" : [ 4, 0, 12, 16 ],
        "texture" : "#1"
      },
      "north" : {
        "uv" : [ 4, 0, 12, 16 ],
        "texture" : "#1"
      },
      "west" : {
        "uv" : [ 4, 0, 12, 16 ],
        "texture" : "#1"
      },
      "up" : {
        "uv" : [ 4, 4, 12, 12 ],
        "texture" : "#1"
      },
      "down" : {
        "uv" : [ 4, 4, 12, 12 ],
        "texture" : "#1"
      }
    }
  }, {
    "from" : [ 18, 8, 0 ],
    "to" : [ 21, 16, 4 ],
    "faces" : {
      "east" : {
        "uv" : [ 8, 0, 16, 16 ],
        "texture" : "#1"
      },
      "west" : {
        "uv" : [ 0, 0, 8, 16 ],
        "texture" : "#1"
      },
      "up" : {
        "uv" : [ 5, 0, 11, 8 ],
        "texture" : "#1"
      },
      "down" : {
        "uv" : [ 5, 8, 11, 16 ],
        "texture" : "#1"
      }
    }
  }, {
    "from" : [ 20, 8, 2 ],
    "to" : [ 24, 16, 5 ],
    "faces" : {
      "south" : {
        "uv" : [ 8, 0, 16, 16 ],
        "texture" : "#1"
      },
      "north" : {
        "uv" : [ 0, 0, 8, 16 ],
        "texture" : "#1"
      },
      "up" : {
        "uv" : [ 8, 5, 16, 11 ],
        "texture" : "#1"
      },
      "down" : {
        "uv" : [ 8, 5, 16, 11 ],
        "texture" : "#1"
      }
    }
  }, {
    "from" : [ 16, 16, -8 ],
    "to" : [ 24, 20, 0 ],
    "faces" : {
      "east" : {
        "uv" : [ 0, 8, 16, 16 ],
        "texture" : "#4"
      },
      "south" : {
        "uv" : [ 0, 8, 16, 16 ],
        "texture" : "#4"
      },
      "north" : {
        "uv" : [ 0, 8, 16, 16 ],
        "texture" : "#4"
      },
      "west" : {
        "uv" : [ 0, 8, 16, 16 ],
        "texture" : "#4"
      },
      "up" : {
        "uv" : [ 0, 0, 16, 16 ],
        "texture" : "#4"
      }
    }
  }, {
    "from" : [ 24, 16, -16 ],
    "to" : [ 32, 20, -8 ],
    "faces" : {
      "east" : {
        "uv" : [ 0, 8, 16, 16 ],
        "texture" : "#4"
      },
      "south" : {
        "uv" : [ 0, 8, 16, 16 ],
        "texture" : "#4"
      },
      "north" : {
        "uv" : [ 0, 8, 16, 16 ],
        "texture" : "#4"
      },
      "west" : {
        "uv" : [ 0, 8, 16, 16 ],
        "texture" : "#4"
      },
      "up" : {
        "uv" : [ 0, 0, 16, 16 ],
        "texture" : "#4"
      }
    }
  }, {
    "from" : [ 24, 16, -4 ],
    "to" : [ 32, 27, -4 ],
    "faces" : {
      "south" : {
        "uv" : [ 0, 0, 16, 16 ],
        "texture" : "#17"
      }
    }
  }, {
    "from" : [ 24, 16, -5 ],
    "to" : [ 32, 27, -5 ],
    "faces" : {
      "north" : {
        "uv" : [ 0, 0, 16, 16 ],
        "texture" : "#17"
      }
    }
  }, {
    "from" : [ 28, 16, -8 ],
    "to" : [ 28, 27, 0 ],
    "faces" : {
      "west" : {
        "uv" : [ 0, 0, 16, 16 ],
        "texture" : "#17"
      }
    }
  }, {
    "from" : [ 27, 16, -8 ],
    "to" : [ 27, 27, 0 ],
    "faces" : {
      "east" : {
        "uv" : [ 0, 0, 16, 16 ],
        "texture" : "#17"
      }
    }
  }, {
    "from" : [ 24, 16, -8 ],
    "to" : [ 32, 27, -8 ],
    "faces" : {
      "south" : {
        "uv" : [ 0, 0, 16, 16 ],
        "texture" : "#17"
      },
      "north" : {
        "uv" : [ 0, 0, 16, 16 ],
        "texture" : "#17"
      }
    }
  }, {
    "from" : [ 31, 16, -8 ],
    "to" : [ 31, 27, 0 ],
    "faces" : {
      "east" : {
        "uv" : [ 0, 0, 16, 16 ],
        "texture" : "#17"
      },
      "west" : {
        "uv" : [ 0, 0, 16, 16 ],
        "texture" : "#17"
      }
    }
  }, {
    "from" : [ 24, 16, -1 ],
    "to" : [ 32, 27, -1 ],
    "faces" : {
      "south" : {
        "uv" : [ 0, 0, 16, 16 ],
        "texture" : "#17"
      },
      "north" : {
        "uv" : [ 0, 0, 16, 16 ],
        "texture" : "#17"
      }
    }
  }, {
    "from" : [ 24, 16, -8 ],
    "to" : [ 24, 27, 0 ],
    "faces" : {
      "east" : {
        "uv" : [ 0, 0, 16, 16 ],
        "texture" : "#17"
      },
      "west" : {
        "uv" : [ 0, 0, 16, 16 ],
        "texture" : "#17"
      }
    }
  }, {
    "from" : [ 24, 16, 0 ],
    "to" : [ 32, 20, 8 ],
    "faces" : {
      "east" : {
        "uv" : [ 0, 8, 16, 16 ],
        "texture" : "#4"
      },
      "south" : {
        "uv" : [ 0, 8, 16, 16 ],
        "texture" : "#4"
      },
      "north" : {
        "uv" : [ 0, 8, 16, 16 ],
        "texture" : "#4"
      },
      "west" : {
        "uv" : [ 0, 8, 16, 16 ],
        "texture" : "#4"
      },
      "up" : {
        "uv" : [ 0, 0, 16, 16 ],
        "texture" : "#4"
      }
    }
  }, {
    "from" : [ 16, 24, -16 ],
    "to" : [ 24, 28, -8 ],
    "faces" : {
      "east" : {
        "uv" : [ 0, 8, 16, 16 ],
        "texture" : "#0"
      },
      "south" : {
        "uv" : [ 0, 8, 16, 16 ],
        "texture" : "#0"
      },
      "north" : {
        "uv" : [ 0, 8, 16, 16 ],
        "texture" : "#0"
      },
      "west" : {
        "uv" : [ 0, 8, 16, 16 ],
        "texture" : "#0"
      },
      "up" : {
        "uv" : [ 0, 0, 16, 16 ],
        "texture" : "#0"
      },
      "down" : {
        "uv" : [ 0, 0, 16, 16 ],
        "texture" : "#0"
      }
    }
  }, {
    "from" : [ 16, 24, 0 ],
    "to" : [ 24, 28, 8 ],
    "faces" : {
      "east" : {
        "uv" : [ 0, 8, 16, 16 ],
        "texture" : "#0"
      },
      "south" : {
        "uv" : [ 0, 8, 16, 16 ],
        "texture" : "#0"
      },
      "north" : {
        "uv" : [ 0, 8, 16, 16 ],
        "texture" : "#0"
      },
      "west" : {
        "uv" : [ 0, 8, 16, 16 ],
        "texture" : "#0"
      },
      "up" : {
        "uv" : [ 0, 0, 16, 16 ],
        "texture" : "#0"
      },
      "down" : {
        "uv" : [ 0, 0, 16, 16 ],
        "texture" : "#0"
      }
    }
  } ],
  "display" : {
    "head" : {
      "translation" : [ 0.0, -43.25, 0.0 ],
      "scale" : [ 3.2, 3.2, 3.2 ]
    }
  }
}