{
  "textures" : {
    "22" : "block/cauldron_inner",
    "23" : "block/cauldron_bottom",
    "24" : "block/water_still",
    "25" : "block/chain",
    "10" : "block/soul_soil",
    "11" : "block/oxidized_cut_copper",
    "12" : "block/weathered_cut_copper",
    "13" : "block/stone",
    "14" : "block/andesite",
    "15" : "block/stone_bricks",
    "16" : "block/polished_andesite",
    "17" : "block/anvil",
    "18" : "block/anvil_top",
    "19" : "block/soul_fire_0",
    "0" : "block/deepslate_tiles",
    "1" : "block/deepslate_bricks",
    "2" : "block/oxidized_copper",
    "3" : "block/polished_deepslate",
    "4" : "block/weathered_copper",
    "5" : "block/cobbled_deepslate",
    "6" : "block/deepslate",
    "7" : "block/deepslate_top",
    "8" : "block/polished_basalt_side",
    "9" : "block/polished_basalt_top",
    "20" : "block/cauldron_side",
    "21" : "block/cauldron_top"
  },
  "elements" : [ {
    "from" : [ -16, -16, 0 ],
    "to" : [ -8, -8, 8 ],
    "faces" : {
      "east" : {
        "uv" : [ 0, 0, 16, 16 ],
        "texture" : "#1"
      },
      "south" : {
        "uv" : [ 0, 0, 16, 16 ],
        "texture" : "#1"
      },
      "north" : {
        "uv" : [ 0, 0, 16, 16 ],
        "texture" : "#1"
      },
      "west" : {
        "uv" : [ 0, 0, 16, 16 ],
        "texture" : "#1"
      },
      "up" : {
        "uv" : [ 0, 0, 16, 16 ],
        "texture" : "#1"
      },
      "down" : {
        "uv" : [ 0, 0, 16, 16 ],
        "texture" : "#1"
      }
    }
  }, {
    "from" : [ -8, -16, -8 ],
    "to" : [ 0, -8, 0 ],
    "faces" : {
      "east" : {
        "uv" : [ 0, 0, 16, 16 ],
        "texture" : "#8"
      },
      "south" : {
        "uv" : [ 0, 0, 16, 16 ],
        "texture" : "#8"
      },
      "north" : {
        "uv" : [ 0, 0, 16, 16 ],
        "texture" : "#8"
      },
      "west" : {
        "uv" : [ 0, 0, 16, 16 ],
        "texture" : "#8"
      }
    }
  }, {
    "from" : [ 0, -16, 0 ],
    "to" : [ 8, -8, 8 ],
    "faces" : {
      "east" : {
        "uv" : [ 0, 0, 16, 16 ],
        "texture" : "#1"
      },
      "south" : {
        "uv" : [ 0, 0, 16, 16 ],
        "texture" : "#1"
      },
      "north" : {
        "uv" : [ 0, 0, 16, 16 ],
        "texture" : "#1"
      },
      "west" : {
        "uv" : [ 0, 0, 16, 16 ],
        "texture" : "#1"
      },
      "up" : {
        "uv" : [ 0, 0, 16, 16 ],
        "texture" : "#1"
      },
      "down" : {
        "uv" : [ 0, 0, 16, 16 ],
        "texture" : "#1"
      }
    }
  }, {
    "from" : [ 8, -16, -8 ],
    "to" : [ 16, -8, 0 ],
    "faces" : {
      "east" : {
        "uv" : [ 0, 0, 16, 16 ],
        "texture" : "#8"
      },
      "south" : {
        "uv" : [ 0, 0, 16, 16 ],
        "texture" : "#8"
      },
      "north" : {
        "uv" : [ 0, 0, 16, 16 ],
        "texture" : "#8"
      },
      "west" : {
        "uv" : [ 0, 0, 16, 16 ],
        "texture" : "#8"
      }
    }
  }, {
    "from" : [ 16, -16, -16 ],
    "to" : [ 24, -8, -8 ],
    "faces" : {
      "east" : {
        "uv" : [ 0, 0, 16, 16 ],
        "texture" : "#3"
      },
      "south" : {
        "uv" : [ 0, 0, 16, 16 ],
        "texture" : "#3"
      },
      "north" : {
        "uv" : [ 0, 0, 16, 16 ],
        "texture" : "#3"
      },
      "west" : {
        "uv" : [ 0, 0, 16, 16 ],
        "texture" : "#3"
      },
      "up" : {
        "uv" : [ 0, 0, 16, 16 ],
        "texture" : "#3"
      },
      "down" : {
        "uv" : [ 0, 0, 16, 16 ],
        "texture" : "#3"
      }
    }
  }, {
    "from" : [ 16, -16, 0 ],
    "to" : [ 24, -8, 8 ],
    "faces" : {
      "east" : {
        "uv" : [ 0, 0, 16, 16 ],
        "texture" : "#1"
      },
      "south" : {
        "uv" : [ 0, 0, 16, 16 ],
        "texture" : "#1"
      },
      "north" : {
        "uv" : [ 0, 0, 16, 16 ],
        "texture" : "#1"
      },
      "west" : {
        "uv" : [ 0, 0, 16, 16 ],
        "texture" : "#1"
      },
      "up" : {
        "uv" : [ 0, 0, 16, 16 ],
        "texture" : "#1"
      },
      "down" : {
        "uv" : [ 0, 0, 16, 16 ],
        "texture" : "#1"
      }
    }
  }, {
    "from" : [ 24, -16, -16 ],
    "to" : [ 32, -8, -8 ],
    "faces" : {
      "east" : {
        "uv" : [ 0, 0, 16, 16 ],
        "texture" : "#2"
      },
      "south" : {
        "uv" : [ 0, 0, 16, 16 ],
        "texture" : "#2"
      },
      "north" : {
        "uv" : [ 0, 0, 16, 16 ],
        "texture" : "#2"
      },
      "west" : {
        "uv" : [ 0, 0, 16, 16 ],
        "texture" : "#2"
      },
      "up" : {
        "uv" : [ 0, 0, 16, 16 ],
        "texture" : "#2"
      },
      "down" : {
        "uv" : [ 0, 0, 16, 16 ],
        "texture" : "#2"
      }
    }
  }, {
    "from" : [ 24, -16, -8 ],
    "to" : [ 32, -8, 0 ],
    "faces" : {
      "east" : {
        "uv" : [ 0, 0, 16, 16 ],
        "texture" : "#2"
      },
      "south" : {
        "uv" : [ 0, 0, 16, 16 ],
        "texture" : "#2"
      },
      "north" : {
        "uv" : [ 0, 0, 16, 16 ],
        "texture" : "#2"
      },
      "west" : {
        "uv" : [ 0, 0, 16, 16 ],
        "texture" : "#2"
      },
      "up" : {
        "uv" : [ 0, 0, 16, 16 ],
        "texture" : "#2"
      },
      "down" : {
        "uv" : [ 0, 0, 16, 16 ],
        "texture" : "#2"
      }
    }
  }, {
    "from" : [ -16, -8, 0 ],
    "to" : [ -8, 0, 8 ],
    "faces" : {
      "east" : {
        "uv" : [ 0, 0, 16, 16 ],
        "texture" : "#1"
      },
      "south" : {
        "uv" : [ 0, 0, 16, 16 ],
        "texture" : "#1"
      },
      "north" : {
        "uv" : [ 0, 0, 16, 16 ],
        "texture" : "#1"
      },
      "west" : {
        "uv" : [ 0, 0, 16, 16 ],
        "texture" : "#1"
      },
      "up" : {
        "uv" : [ 0, 0, 16, 16 ],
        "texture" : "#1"
      },
      "down" : {
        "uv" : [ 0, 0, 16, 16 ],
        "texture" : "#1"
      }
    }
  }, {
    "from" : [ -8, -8, -8 ],
    "to" : [ 0, 0, 0 ],
    "faces" : {
      "east" : {
        "uv" : [ 0, 0, 16, 16 ],
        "texture" : "#8"
      },
      "south" : {
        "uv" : [ 0, 0, 16, 16 ],
        "texture" : "#8"
      },
      "north" : {
        "uv" : [ 0, 0, 16, 16 ],
        "texture" : "#8"
      },
      "west" : {
        "uv" : [ 0, 0, 16, 16 ],
        "texture" : "#8"
      }
    }
  }, {
    "from" : [ 0, -8, 0 ],
    "to" : [ 8, 0, 8 ],
    "faces" : {
      "east" : {
        "uv" : [ 0, 0, 16, 16 ],
        "texture" : "#1"
      },
      "south" : {
        "uv" : [ 0, 0, 16, 16 ],
        "texture" : "#1"
      },
      "north" : {
        "uv" : [ 0, 0, 16, 16 ],
        "texture" : "#1"
      },
      "west" : {
        "uv" : [ 0, 0, 16, 16 ],
        "texture" : "#1"
      },
      "up" : {
        "uv" : [ 0, 0, 16, 16 ],
        "texture" : "#1"
      },
      "down" : {
        "uv" : [ 0, 0, 16, 16 ],
        "texture" : "#1"
      }
    }
  }, {
    "from" : [ 8, -8, -8 ],
    "to" : [ 16, 0, 0 ],
    "faces" : {
      "east" : {
        "uv" : [ 0, 0, 16, 16 ],
        "texture" : "#8"
      },
      "south" : {
        "uv" : [ 0, 0, 16, 16 ],
        "texture" : "#8"
      },
      "north" : {
        "uv" : [ 0, 0, 16, 16 ],
        "texture" : "#8"
      },
      "west" : {
        "uv" : [ 0, 0, 16, 16 ],
        "texture" : "#8"
      }
    }
  }, {
    "from" : [ 16, -8, 0 ],
    "to" : [ 24, 0, 8 ],
    "faces" : {
      "east" : {
        "uv" : [ 0, 0, 16, 16 ],
        "texture" : "#1"
      },
      "south" : {
        "uv" : [ 0, 0, 16, 16 ],
        "texture" : "#1"
      },
      "north" : {
        "uv" : [ 0, 0, 16, 16 ],
        "texture" : "#1"
      },
      "west" : {
        "uv" : [ 0, 0, 16, 16 ],
        "texture" : "#1"
      },
      "up" : {
        "uv" : [ 0, 0, 16, 16 ],
        "texture" : "#1"
      },
      "down" : {
        "uv" : [ 0, 0, 16, 16 ],
        "texture" : "#1"
      }
    }
  }, {
    "from" : [ 24, -8, -16 ],
    "to" : [ 32, 0, -8 ],
    "faces" : {
      "east" : {
        "uv" : [ 0, 0, 16, 16 ],
        "texture" : "#4"
      },
      "south" : {
        "uv" : [ 0, 0, 16, 16 ],
        "texture" : "#4"
      },
      "north" : {
        "uv" : [ 0, 0, 16, 16 ],
        "texture" : "#4"
      },
      "west" : {
        "uv" : [ 0, 0, 16, 16 ],
        "texture" : "#4"
      },
      "up" : {
        "uv" : [ 0, 0, 16, 16 ],
        "texture" : "#4"
      },
      "down" : {
        "uv" : [ 0, 0, 16, 16 ],
        "texture" : "#4"
      }
    }
  }, {
    "from" : [ 24, -8, -8 ],
    "to" : [ 32, 0, 0 ],
    "faces" : {
      "east" : {
        "uv" : [ 0, 0, 16, 16 ],
        "texture" : "#2"
      },
      "south" : {
        "uv" : [ 0, 0, 16, 16 ],
        "texture" : "#2"
      },
      "north" : {
        "uv" : [ 0, 0, 16, 16 ],
        "texture" : "#2"
      },
      "west" : {
        "uv" : [ 0, 0, 16, 16 ],
        "texture" : "#2"
      },
      "up" : {
        "uv" : [ 0, 0, 16, 16 ],
        "texture" : "#2"
      },
      "down" : {
        "uv" : [ 0, 0, 16, 16 ],
        "texture" : "#2"
      }
    }
  }, {
    "from" : [ -8, 0, -8 ],
    "to" : [ 0, 8, 0 ],
    "faces" : {
      "east" : {
        "uv" : [ 0, 0, 16, 16 ],
        "texture" : "#8"
      },
      "south" : {
        "uv" : [ 0, 0, 16, 16 ],
        "texture" : "#8"
      },
      "north" : {
        "uv" : [ 0, 0, 16, 16 ],
        "texture" : "#8"
      },
      "west" : {
        "uv" : [ 0, 0, 16, 16 ],
        "texture" : "#8"
      }
    }
  }, {
    "from" : [ 0, 0, 0 ],
    "to" : [ 8, 8, 8 ],
    "faces" : {
      "east" : {
        "uv" : [ 0, 0, 16, 16 ],
        "texture" : "#1"
      },
      "south" : {
        "uv" : [ 0, 0, 16, 16 ],
        "texture" : "#1"
      },
      "north" : {
        "uv" : [ 0, 0, 16, 16 ],
        "texture" : "#1"
      },
      "west" : {
        "uv" : [ 0, 0, 16, 16 ],
        "texture" : "#1"
      },
      "up" : {
        "uv" : [ 0, 0, 16, 16 ],
        "texture" : "#1"
      },
      "down" : {
        "uv" : [ 0, 0, 16, 16 ],
        "texture" : "#1"
      }
    }
  }, {
    "from" : [ 8, 0, -8 ],
    "to" : [ 16, 8, 0 ],
    "faces" : {
      "east" : {
        "uv" : [ 0, 0, 16, 16 ],
        "texture" : "#8"
      },
      "south" : {
        "uv" : [ 0, 0, 16, 16 ],
        "texture" : "#8"
      },
      "north" : {
        "uv" : [ 0, 0, 16, 16 ],
        "texture" : "#8"
      },
      "west" : {
        "uv" : [ 0, 0, 16, 16 ],
        "texture" : "#8"
      }
    }
  }, {
    "from" : [ 16, 0, 0 ],
    "to" : [ 24, 8, 8 ],
    "faces" : {
      "east" : {
        "uv" : [ 0, 0, 16, 16 ],
        "texture" : "#1"
      },
      "south" : {
        "uv" : [ 0, 0, 16, 16 ],
        "texture" : "#1"
      },
      "north" : {
        "uv" : [ 0, 0, 16, 16 ],
        "texture" : "#1"
      },
      "west" : {
        "uv" : [ 0, 0, 16, 16 ],
        "texture" : "#1"
      },
      "up" : {
        "uv" : [ 0, 0, 16, 16 ],
        "texture" : "#1"
      },
      "down" : {
        "uv" : [ 0, 0, 16, 16 ],
        "texture" : "#1"
      }
    }
  }, {
    "from" : [ 24, 0, -16 ],
    "to" : [ 32, 8, -8 ],
    "faces" : {
      "east" : {
        "uv" : [ 0, 0, 16, 16 ],
        "texture" : "#1"
      },
      "south" : {
        "uv" : [ 0, 0, 16, 16 ],
        "texture" : "#1"
      },
      "north" : {
        "uv" : [ 0, 0, 16, 16 ],
        "texture" : "#1"
      },
      "west" : {
        "uv" : [ 0, 0, 16, 16 ],
        "texture" : "#1"
      },
      "up" : {
        "uv" : [ 0, 0, 16, 16 ],
        "texture" : "#1"
      },
      "down" : {
        "uv" : [ 0, 0, 16, 16 ],
        "texture" : "#1"
      }
    }
  }, {
    "from" : [ 24, 0, -8 ],
    "to" : [ 32, 8, 0 ],
    "faces" : {
      "east" : {
        "uv" : [ 0, 0, 16, 16 ],
        "texture" : "#1"
      },
      "south" : {
        "uv" : [ 0, 0, 16, 16 ],
        "texture" : "#1"
      },
      "north" : {
        "uv" : [ 0, 0, 16, 16 ],
        "texture" : "#1"
      },
      "west" : {
        "uv" : [ 0, 0, 16, 16 ],
        "texture" : "#1"
      },
      "down" : {
        "uv" : [ 0, 0, 16, 16 ],
        "texture" : "#1"
      }
    }
  }, {
    "from" : [ -8, 8, -8 ],
    "to" : [ 0, 16, 0 ],
    "faces" : {
      "east" : {
        "uv" : [ 0, 0, 16, 16 ],
        "texture" : "#8"
      },
      "south" : {
        "uv" : [ 0, 0, 16, 16 ],
        "texture" : "#8"
      },
      "north" : {
        "uv" : [ 0, 0, 16, 16 ],
        "texture" : "#8"
      },
      "west" : {
        "uv" : [ 0, 0, 16, 16 ],
        "texture" : "#8"
      }
    }
  }, {
    "from" : [ 8, 8, -8 ],
    "to" : [ 16, 16, 0 ],
    "faces" : {
      "east" : {
        "uv" : [ 0, 0, 16, 16 ],
        "texture" : "#8"
      },
      "south" : {
        "uv" : [ 0, 0, 16, 16 ],
        "texture" : "#8"
      },
      "north" : {
        "uv" : [ 0, 0, 16, 16 ],
        "texture" : "#8"
      },
      "west" : {
        "uv" : [ 0, 0, 16, 16 ],
        "texture" : "#8"
      }
    }
  }, {
    "from" : [ 16, 8, 0 ],
    "to" : [ 24, 16, 8 ],
    "faces" : {
      "east" : {
        "uv" : [ 0, 0, 16, 16 ],
        "texture" : "#1"
      },
      "south" : {
        "uv" : [ 0, 0, 16, 16 ],
        "texture" : "#1"
      },
      "north" : {
        "uv" : [ 0, 0, 16, 16 ],
        "texture" : "#1"
      },
      "west" : {
        "uv" : [ 0, 0, 16, 16 ],
        "texture" : "#1"
      },
      "up" : {
        "uv" : [ 0, 0, 16, 16 ],
        "texture" : "#1"
      },
      "down" : {
        "uv" : [ 0, 0, 16, 16 ],
        "texture" : "#1"
      }
    }
  }, {
    "from" : [ 24, 8, -8 ],
    "to" : [ 32, 16, 0 ],
    "faces" : {
      "east" : {
        "uv" : [ 0, 0, 16, 16 ],
        "texture" : "#8"
      },
      "south" : {
        "uv" : [ 0, 0, 16, 16 ],
        "texture" : "#8"
      },
      "north" : {
        "uv" : [ 0, 0, 16, 16 ],
        "texture" : "#8"
      },
      "west" : {
        "uv" : [ 0, 0, 16, 16 ],
        "texture" : "#8"
      },
      "down" : {
        "uv" : [ 0, 0, 16, 16 ],
        "texture" : "#9"
      }
    }
  }, {
    "from" : [ -8, 16, -8 ],
    "to" : [ 0, 24, 0 ],
    "faces" : {
      "east" : {
        "uv" : [ 0, 0, 16, 16 ],
        "texture" : "#8"
      },
      "south" : {
        "uv" : [ 0, 0, 16, 16 ],
        "texture" : "#8"
      },
      "north" : {
        "uv" : [ 0, 0, 16, 16 ],
        "texture" : "#8"
      },
      "west" : {
        "uv" : [ 0, 0, 16, 16 ],
        "texture" : "#8"
      },
      "up" : {
        "uv" : [ 0, 0, 16, 16 ],
        "texture" : "#9"
      }
    }
  }, {
    "from" : [ 8, 16, -8 ],
    "to" : [ 16, 24, 0 ],
    "faces" : {
      "east" : {
        "uv" : [ 0, 0, 16, 16 ],
        "texture" : "#8"
      },
      "south" : {
        "uv" : [ 0, 0, 16, 16 ],
        "texture" : "#8"
      },
      "north" : {
        "uv" : [ 0, 0, 16, 16 ],
        "texture" : "#8"
      },
      "west" : {
        "uv" : [ 0, 0, 16, 16 ],
        "texture" : "#8"
      }
    }
  }, {
    "from" : [ 24, 16, -8 ],
    "to" : [ 32, 24, 0 ],
    "faces" : {
      "east" : {
        "uv" : [ 0, 0, 16, 16 ],
        "texture" : "#8"
      },
      "south" : {
        "uv" : [ 0, 0, 16, 16 ],
        "texture" : "#8"
      },
      "north" : {
        "uv" : [ 0, 0, 16, 16 ],
        "texture" : "#8"
      },
      "west" : {
        "uv" : [ 0, 0, 16, 16 ],
        "texture" : "#8"
      }
    }
  }, {
    "from" : [ 8, 24, -8 ],
    "to" : [ 16, 32, 0 ],
    "faces" : {
      "east" : {
        "uv" : [ 0, 0, 16, 16 ],
        "texture" : "#8"
      },
      "south" : {
        "uv" : [ 0, 0, 16, 16 ],
        "texture" : "#8"
      },
      "north" : {
        "uv" : [ 0, 0, 16, 16 ],
        "texture" : "#8"
      },
      "west" : {
        "uv" : [ 0, 0, 16, 16 ],
        "texture" : "#8"
      },
      "up" : {
        "uv" : [ 0, 0, 16, 16 ],
        "texture" : "#9"
      }
    }
  }, {
    "from" : [ 24, 24, -8 ],
    "to" : [ 32, 32, 0 ],
    "faces" : {
      "east" : {
        "uv" : [ 0, 0, 16, 16 ],
        "texture" : "#8"
      },
      "south" : {
        "uv" : [ 0, 0, 16, 16 ],
        "texture" : "#8"
      },
      "north" : {
        "uv" : [ 0, 0, 16, 16 ],
        "texture" : "#8"
      },
      "west" : {
        "uv" : [ 0, 0, 16, 16 ],
        "texture" : "#8"
      }
    }
  }, {
    "from" : [ 16, -4, -16 ],
    "to" : [ 24, 0, -8 ],
    "faces" : {
      "east" : {
        "uv" : [ 0, 0, 16, 8 ],
        "texture" : "#14"
      },
      "west" : {
        "uv" : [ 0, 0, 16, 8 ],
        "texture" : "#14"
      },
      "up" : {
        "uv" : [ 0, 0, 16, 16 ],
        "texture" : "#14"
      },
      "down" : {
        "uv" : [ 0, 0, 16, 16 ],
        "texture" : "#14"
      }
    }
  }, {
    "from" : [ 16, -4, -8 ],
    "to" : [ 24, 0, 0 ],
    "faces" : {
      "east" : {
        "uv" : [ 0, 0, 16, 8 ],
        "texture" : "#16"
      },
      "south" : {
        "uv" : [ 0, 0, 16, 8 ],
        "texture" : "#16"
      },
      "up" : {
        "uv" : [ 0, 0, 16, 16 ],
        "texture" : "#16"
      },
      "down" : {
        "uv" : [ 0, 0, 16, 16 ],
        "texture" : "#16"
      }
    }
  }, {
    "from" : [ -16, 4, -8 ],
    "to" : [ -8, 8, 0 ],
    "faces" : {
      "south" : {
        "uv" : [ 0, 0, 16, 8 ],
        "texture" : "#3"
      },
      "north" : {
        "uv" : [ 0, 0, 16, 8 ],
        "texture" : "#3"
      },
      "up" : {
        "uv" : [ 0, 0, 16, 16 ],
        "texture" : "#3"
      },
      "down" : {
        "uv" : [ 0, 0, 16, 16 ],
        "texture" : "#3"
      }
    }
  }, {
    "from" : [ -16, 0, -4 ],
    "to" : [ -8, 4, 0 ],
    "faces" : {
      "south" : {
        "uv" : [ 0, 8, 16, 16 ],
        "texture" : "#3"
      },
      "north" : {
        "uv" : [ 0, 8, 16, 16 ],
        "texture" : "#3"
      },
      "down" : {
        "uv" : [ 0, 0, 16, 8 ],
        "texture" : "#3"
      }
    }
  }, {
    "from" : [ -16, 4, 0 ],
    "to" : [ -8, 8, 8 ],
    "faces" : {
      "east" : {
        "uv" : [ 0, 0, 16, 8 ],
        "texture" : "#0"
      },
      "south" : {
        "uv" : [ 0, 0, 16, 8 ],
        "texture" : "#0"
      },
      "north" : {
        "uv" : [ 0, 0, 16, 8 ],
        "texture" : "#0"
      },
      "west" : {
        "uv" : [ 0, 0, 16, 8 ],
        "texture" : "#0"
      },
      "up" : {
        "uv" : [ 0, 0, 16, 16 ],
        "texture" : "#0"
      },
      "down" : {
        "uv" : [ 0, 0, 16, 16 ],
        "texture" : "#0"
      }
    }
  }, {
    "from" : [ -16, 4, 8 ],
    "to" : [ -8, 8, 16 ],
    "faces" : {
      "east" : {
        "uv" : [ 0, 0, 16, 8 ],
        "texture" : "#1"
      },
      "south" : {
        "uv" : [ 0, 0, 16, 8 ],
        "texture" : "#1"
      },
      "north" : {
        "uv" : [ 0, 0, 16, 8 ],
        "texture" : "#1"
      },
      "west" : {
        "uv" : [ 0, 0, 16, 8 ],
        "texture" : "#1"
      },
      "up" : {
        "uv" : [ 0, 0, 16, 16 ],
        "texture" : "#1"
      },
      "down" : {
        "uv" : [ 0, 0, 16, 16 ],
        "texture" : "#1"
      }
    }
  }, {
    "from" : [ -16, 4, 16 ],
    "to" : [ -8, 8, 24 ],
    "faces" : {
      "east" : {
        "uv" : [ 0, 0, 16, 8 ],
        "texture" : "#5"
      },
      "south" : {
        "uv" : [ 0, 0, 16, 8 ],
        "texture" : "#5"
      },
      "north" : {
        "uv" : [ 0, 0, 16, 8 ],
        "texture" : "#5"
      },
      "west" : {
        "uv" : [ 0, 0, 16, 8 ],
        "texture" : "#5"
      },
      "up" : {
        "uv" : [ 0, 0, 16, 16 ],
        "texture" : "#5"
      },
      "down" : {
        "uv" : [ 0, 0, 16, 16 ],
        "texture" : "#5"
      }
    }
  }, {
    "from" : [ -16, 4, 24 ],
    "to" : [ -8, 8, 32 ],
    "faces" : {
      "east" : {
        "uv" : [ 0, 0, 16, 8 ],
        "texture" : "#0"
      },
      "south" : {
        "uv" : [ 0, 0, 16, 8 ],
        "texture" : "#0"
      },
      "north" : {
        "uv" : [ 0, 0, 16, 8 ],
        "texture" : "#0"
      },
      "west" : {
        "uv" : [ 0, 0, 16, 8 ],
        "texture" : "#0"
      },
      "up" : {
        "uv" : [ 0, 0, 16, 16 ],
        "texture" : "#0"
      },
      "down" : {
        "uv" : [ 0, 0, 16, 16 ],
        "texture" : "#0"
      }
    }
  }, {
    "from" : [ 16, 4, -16 ],
    "to" : [ 24, 8, -8 ],
    "faces" : {
      "east" : {
        "uv" : [ 0, 0, 16, 8 ],
        "texture" : "#14"
      },
      "west" : {
        "uv" : [ 0, 0, 16, 8 ],
        "texture" : "#14"
      },
      "up" : {
        "uv" : [ 0, 0, 16, 16 ],
        "texture" : "#14"
      },
      "down" : {
        "uv" : [ 0, 0, 16, 16 ],
        "texture" : "#14"
      }
    }
  }, {
    "from" : [ 16, 4, -8 ],
    "to" : [ 24, 8, 0 ],
    "faces" : {
      "east" : {
        "uv" : [ 0, 0, 16, 8 ],
        "texture" : "#14"
      },
      "south" : {
        "uv" : [ 0, 0, 16, 8 ],
        "texture" : "#14"
      },
      "up" : {
        "uv" : [ 0, 0, 16, 16 ],
        "texture" : "#14"
      },
      "down" : {
        "uv" : [ 0, 0, 16, 16 ],
        "texture" : "#14"
      }
    }
  }, {
    "from" : [ -15, 8, -7 ],
    "to" : [ -9, 10, -1 ],
    "faces" : {
      "east" : {
        "uv" : [ 2, 12, 14, 16 ],
        "texture" : "#17"
      },
      "south" : {
        "uv" : [ 4, 2, 0, 14 ],
        "texture" : "#17",
        "rotation" : 270
      },
      "north" : {
        "uv" : [ 0, 2, 4, 14 ],
        "texture" : "#17",
        "rotation" : 90
      },
      "west" : {
        "uv" : [ 2, 12, 14, 16 ],
        "texture" : "#17"
      },
      "up" : {
        "uv" : [ 2, 2, 14, 14 ],
        "texture" : "#17",
        "rotation" : 270
      },
      "down" : {
        "uv" : [ 2, 2, 14, 14 ],
        "texture" : "#17",
        "rotation" : 90
      }
    }
  }, {
    "from" : [ -15, 10, -6 ],
    "to" : [ -10, 10, -2 ],
    "faces" : {
      "east" : {
        "uv" : [ 4, 11, 12, 12 ],
        "texture" : "#17"
      },
      "south" : {
        "uv" : [ 5, 3, 4, 13 ],
        "texture" : "#17",
        "rotation" : 270
      },
      "north" : {
        "uv" : [ 4, 3, 5, 13 ],
        "texture" : "#17",
        "rotation" : 90
      },
      "west" : {
        "uv" : [ 4, 11, 12, 12 ],
        "texture" : "#17"
      },
      "up" : {
        "uv" : [ 4, 3, 12, 13 ],
        "texture" : "#17",
        "rotation" : 270
      }
    }
  }, {
    "from" : [ -14, 10, -5 ],
    "to" : [ -10, 13, -3 ],
    "faces" : {
      "east" : {
        "uv" : [ 6, 6, 10, 11 ],
        "texture" : "#17"
      },
      "south" : {
        "uv" : [ 10, 4, 5, 12 ],
        "texture" : "#17",
        "rotation" : 270
      },
      "north" : {
        "uv" : [ 5, 4, 10, 12 ],
        "texture" : "#17",
        "rotation" : 90
      },
      "west" : {
        "uv" : [ 6, 6, 10, 11 ],
        "texture" : "#17"
      }
    }
  }, {
    "from" : [ -16, 13, -7 ],
    "to" : [ -8, 16, -2 ],
    "faces" : {
      "east" : {
        "uv" : [ 3, 0, 13, 6 ],
        "texture" : "#17"
      },
      "south" : {
        "uv" : [ 16, 0, 10, 16 ],
        "texture" : "#17",
        "rotation" : 270
      },
      "north" : {
        "uv" : [ 10, 0, 16, 16 ],
        "texture" : "#17",
        "rotation" : 90
      },
      "west" : {
        "uv" : [ 3, 0, 13, 6 ],
        "texture" : "#17"
      },
      "up" : {
        "uv" : [ 3, 0, 13, 16 ],
        "texture" : "#18",
        "rotation" : 270
      },
      "down" : {
        "uv" : [ 3, 0, 13, 16 ],
        "texture" : "#17",
        "rotation" : 90
      }
    }
  }, {
    "from" : [ -8, 8, 0 ],
    "to" : [ 0, 12, 8 ],
    "faces" : {
      "east" : {
        "uv" : [ 0, 8, 16, 16 ],
        "texture" : "#5"
      },
      "south" : {
        "uv" : [ 0, 8, 16, 16 ],
        "texture" : "#5"
      },
      "west" : {
        "uv" : [ 0, 8, 16, 16 ],
        "texture" : "#5"
      },
      "up" : {
        "uv" : [ 0, 0, 16, 16 ],
        "texture" : "#5"
      },
      "down" : {
        "uv" : [ 0, 0, 16, 16 ],
        "texture" : "#5"
      }
    }
  }, {
    "from" : [ -8, 8, 8 ],
    "to" : [ 0, 12, 16 ],
    "faces" : {
      "east" : {
        "uv" : [ 0, 8, 16, 16 ],
        "texture" : "#0"
      },
      "south" : {
        "uv" : [ 0, 8, 16, 16 ],
        "texture" : "#0"
      },
      "north" : {
        "uv" : [ 0, 8, 16, 16 ],
        "texture" : "#0"
      },
      "west" : {
        "uv" : [ 0, 8, 16, 16 ],
        "texture" : "#0"
      },
      "up" : {
        "uv" : [ 0, 0, 16, 16 ],
        "texture" : "#0"
      },
      "down" : {
        "uv" : [ 0, 0, 16, 16 ],
        "texture" : "#0"
      }
    }
  }, {
    "from" : [ -8, 8, 16 ],
    "to" : [ 0, 12, 24 ],
    "faces" : {
      "east" : {
        "uv" : [ 0, 8, 16, 16 ],
        "texture" : "#0"
      },
      "south" : {
        "uv" : [ 0, 8, 16, 16 ],
        "texture" : "#0"
      },
      "north" : {
        "uv" : [ 0, 8, 16, 16 ],
        "texture" : "#0"
      },
      "west" : {
        "uv" : [ 0, 8, 16, 16 ],
        "texture" : "#0"
      },
      "up" : {
        "uv" : [ 0, 0, 16, 16 ],
        "texture" : "#0"
      },
      "down" : {
        "uv" : [ 0, 0, 16, 16 ],
        "texture" : "#0"
      }
    }
  }, {
    "from" : [ -8, 8, 24 ],
    "to" : [ 0, 12, 32 ],
    "faces" : {
      "east" : {
        "uv" : [ 0, 8, 16, 16 ],
        "texture" : "#0"
      },
      "south" : {
        "uv" : [ 0, 8, 16, 16 ],
        "texture" : "#0"
      },
      "north" : {
        "uv" : [ 0, 8, 16, 16 ],
        "texture" : "#0"
      },
      "west" : {
        "uv" : [ 0, 8, 16, 16 ],
        "texture" : "#0"
      },
      "up" : {
        "uv" : [ 0, 0, 16, 16 ],
        "texture" : "#0"
      },
      "down" : {
        "uv" : [ 0, 0, 16, 16 ],
        "texture" : "#0"
      }
    }
  }, {
    "from" : [ 0, 12, -8 ],
    "to" : [ 8, 16, 0 ],
    "faces" : {
      "south" : {
        "uv" : [ 0, 0, 16, 8 ],
        "texture" : "#3"
      },
      "north" : {
        "uv" : [ 0, 0, 16, 8 ],
        "texture" : "#3"
      },
      "up" : {
        "uv" : [ 0, 0, 16, 16 ],
        "texture" : "#3"
      },
      "down" : {
        "uv" : [ 0, 0, 16, 16 ],
        "texture" : "#3"
      }
    }
  }, {
    "from" : [ 0, 8, -4 ],
    "to" : [ 8, 12, 0 ],
    "faces" : {
      "south" : {
        "uv" : [ 0, 8, 16, 16 ],
        "texture" : "#3"
      },
      "north" : {
        "uv" : [ 0, 8, 16, 16 ],
        "texture" : "#3"
      },
      "down" : {
        "uv" : [ 0, 0, 16, 8 ],
        "texture" : "#3"
      }
    }
  }, {
    "from" : [ 0, 12, 0 ],
    "to" : [ 8, 16, 8 ],
    "faces" : {
      "east" : {
        "uv" : [ 0, 0, 16, 8 ],
        "texture" : "#1"
      },
      "south" : {
        "uv" : [ 0, 0, 16, 8 ],
        "texture" : "#1"
      },
      "north" : {
        "uv" : [ 0, 0, 16, 8 ],
        "texture" : "#1"
      },
      "west" : {
        "uv" : [ 0, 0, 16, 8 ],
        "texture" : "#1"
      },
      "up" : {
        "uv" : [ 0, 0, 16, 16 ],
        "texture" : "#1"
      },
      "down" : {
        "uv" : [ 0, 0, 16, 16 ],
        "texture" : "#1"
      }
    }
  }, {
    "from" : [ 0, 12, 8 ],
    "to" : [ 8, 16, 16 ],
    "faces" : {
      "east" : {
        "uv" : [ 0, 0, 16, 8 ],
        "texture" : "#0"
      },
      "south" : {
        "uv" : [ 0, 0, 16, 8 ],
        "texture" : "#0"
      },
      "north" : {
        "uv" : [ 0, 0, 16, 8 ],
        "texture" : "#0"
      },
      "west" : {
        "uv" : [ 0, 0, 16, 8 ],
        "texture" : "#0"
      },
      "up" : {
        "uv" : [ 0, 0, 16, 16 ],
        "texture" : "#0"
      },
      "down" : {
        "uv" : [ 0, 0, 16, 16 ],
        "texture" : "#0"
      }
    }
  }, {
    "from" : [ 0, 12, 16 ],
    "to" : [ 8, 16, 24 ],
    "faces" : {
      "east" : {
        "uv" : [ 0, 0, 16, 8 ],
        "texture" : "#5"
      },
      "south" : {
        "uv" : [ 0, 0, 16, 8 ],
        "texture" : "#5"
      },
      "north" : {
        "uv" : [ 0, 0, 16, 8 ],
        "texture" : "#5"
      },
      "west" : {
        "uv" : [ 0, 0, 16, 8 ],
        "texture" : "#5"
      },
      "up" : {
        "uv" : [ 0, 0, 16, 16 ],
        "texture" : "#5"
      },
      "down" : {
        "uv" : [ 0, 0, 16, 16 ],
        "texture" : "#5"
      }
    }
  }, {
    "from" : [ 0, 12, 24 ],
    "to" : [ 8, 16, 32 ],
    "faces" : {
      "east" : {
        "uv" : [ 0, 0, 16, 8 ],
        "texture" : "#1"
      },
      "south" : {
        "uv" : [ 0, 0, 16, 8 ],
        "texture" : "#1"
      },
      "north" : {
        "uv" : [ 0, 0, 16, 8 ],
        "texture" : "#1"
      },
      "west" : {
        "uv" : [ 0, 0, 16, 8 ],
        "texture" : "#1"
      },
      "up" : {
        "uv" : [ 0, 0, 16, 16 ],
        "texture" : "#1"
      },
      "down" : {
        "uv" : [ 0, 0, 16, 16 ],
        "texture" : "#1"
      }
    }
  }, {
    "from" : [ 25, 8, -15 ],
    "to" : [ 31, 10, -9 ],
    "faces" : {
      "east" : {
        "uv" : [ 0, 2, 4, 14 ],
        "texture" : "#17",
        "rotation" : 90
      },
      "south" : {
        "uv" : [ 2, 12, 14, 16 ],
        "texture" : "#17"
      },
      "north" : {
        "uv" : [ 2, 12, 14, 16 ],
        "texture" : "#17"
      },
      "west" : {
        "uv" : [ 4, 2, 0, 14 ],
        "texture" : "#17",
        "rotation" : 270
      },
      "up" : {
        "uv" : [ 2, 2, 14, 14 ],
        "texture" : "#17"
      },
      "down" : {
        "uv" : [ 2, 2, 14, 14 ],
        "texture" : "#17"
      }
    }
  }, {
    "from" : [ 26, 10, -15 ],
    "to" : [ 30, 10, -10 ],
    "faces" : {
      "east" : {
        "uv" : [ 4, 3, 5, 13 ],
        "texture" : "#17",
        "rotation" : 90
      },
      "south" : {
        "uv" : [ 4, 11, 12, 12 ],
        "texture" : "#17"
      },
      "north" : {
        "uv" : [ 4, 11, 12, 12 ],
        "texture" : "#17"
      },
      "west" : {
        "uv" : [ 5, 3, 4, 13 ],
        "texture" : "#17",
        "rotation" : 270
      },
      "up" : {
        "uv" : [ 4, 3, 12, 13 ],
        "texture" : "#17"
      }
    }
  }, {
    "from" : [ 27, 10, -14 ],
    "to" : [ 29, 13, -10 ],
    "faces" : {
      "east" : {
        "uv" : [ 5, 4, 10, 12 ],
        "texture" : "#17",
        "rotation" : 90
      },
      "south" : {
        "uv" : [ 6, 6, 10, 11 ],
        "texture" : "#17"
      },
      "north" : {
        "uv" : [ 6, 6, 10, 11 ],
        "texture" : "#17"
      },
      "west" : {
        "uv" : [ 10, 4, 5, 12 ],
        "texture" : "#17",
        "rotation" : 270
      }
    }
  }, {
    "from" : [ 25, 13, -16 ],
    "to" : [ 30, 16, -8 ],
    "faces" : {
      "east" : {
        "uv" : [ 10, 0, 16, 16 ],
        "texture" : "#17",
        "rotation" : 90
      },
      "south" : {
        "uv" : [ 3, 0, 13, 6 ],
        "texture" : "#17"
      },
      "north" : {
        "uv" : [ 3, 0, 13, 6 ],
        "texture" : "#17"
      },
      "west" : {
        "uv" : [ 16, 0, 10, 16 ],
        "texture" : "#17",
        "rotation" : 270
      },
      "up" : {
        "uv" : [ 3, 0, 13, 16 ],
        "texture" : "#18"
      },
      "down" : {
        "uv" : [ 3, 0, 13, 16 ],
        "texture" : "#17"
      }
    }
  }, {
    "from" : [ 1, 16, -7 ],
    "to" : [ 7, 18, -1 ],
    "faces" : {
      "east" : {
        "uv" : [ 2, 12, 14, 16 ],
        "texture" : "#17"
      },
      "south" : {
        "uv" : [ 4, 2, 0, 14 ],
        "texture" : "#17",
        "rotation" : 270
      },
      "north" : {
        "uv" : [ 0, 2, 4, 14 ],
        "texture" : "#17",
        "rotation" : 90
      },
      "west" : {
        "uv" : [ 2, 12, 14, 16 ],
        "texture" : "#17"
      },
      "up" : {
        "uv" : [ 2, 2, 14, 14 ],
        "texture" : "#17",
        "rotation" : 270
      },
      "down" : {
        "uv" : [ 2, 2, 14, 14 ],
        "texture" : "#17",
        "rotation" : 90
      }
    }
  }, {
    "from" : [ 1, 18, -6 ],
    "to" : [ 6, 18, -2 ],
    "faces" : {
      "east" : {
        "uv" : [ 4, 11, 12, 12 ],
        "texture" : "#17"
      },
      "south" : {
        "uv" : [ 5, 3, 4, 13 ],
        "texture" : "#17",
        "rotation" : 270
      },
      "north" : {
        "uv" : [ 4, 3, 5, 13 ],
        "texture" : "#17",
        "rotation" : 90
      },
      "west" : {
        "uv" : [ 4, 11, 12, 12 ],
        "texture" : "#17"
      },
      "up" : {
        "uv" : [ 4, 3, 12, 13 ],
        "texture" : "#17",
        "rotation" : 270
      }
    }
  }, {
    "from" : [ 2, 18, -5 ],
    "to" : [ 6, 21, -3 ],
    "faces" : {
      "east" : {
        "uv" : [ 6, 6, 10, 11 ],
        "texture" : "#17"
      },
      "south" : {
        "uv" : [ 10, 4, 5, 12 ],
        "texture" : "#17",
        "rotation" : 270
      },
      "north" : {
        "uv" : [ 5, 4, 10, 12 ],
        "texture" : "#17",
        "rotation" : 90
      },
      "west" : {
        "uv" : [ 6, 6, 10, 11 ],
        "texture" : "#17"
      }
    }
  }, {
    "from" : [ 0, 21, -7 ],
    "to" : [ 8, 24, -2 ],
    "faces" : {
      "east" : {
        "uv" : [ 3, 0, 13, 6 ],
        "texture" : "#17"
      },
      "south" : {
        "uv" : [ 16, 0, 10, 16 ],
        "texture" : "#17",
        "rotation" : 270
      },
      "north" : {
        "uv" : [ 10, 0, 16, 16 ],
        "texture" : "#17",
        "rotation" : 90
      },
      "west" : {
        "uv" : [ 3, 0, 13, 6 ],
        "texture" : "#17"
      },
      "up" : {
        "uv" : [ 3, 0, 13, 16 ],
        "texture" : "#18",
        "rotation" : 270
      },
      "down" : {
        "uv" : [ 3, 0, 13, 16 ],
        "texture" : "#17",
        "rotation" : 90
      }
    }
  }, {
    "from" : [ 8, 16, 0 ],
    "to" : [ 16, 20, 8 ],
    "faces" : {
      "east" : {
        "uv" : [ 0, 8, 16, 16 ],
        "texture" : "#5"
      },
      "south" : {
        "uv" : [ 0, 8, 16, 16 ],
        "texture" : "#5"
      },
      "west" : {
        "uv" : [ 0, 8, 16, 16 ],
        "texture" : "#5"
      },
      "up" : {
        "uv" : [ 0, 0, 16, 16 ],
        "texture" : "#5"
      },
      "down" : {
        "uv" : [ 0, 0, 16, 16 ],
        "texture" : "#5"
      }
    }
  }, {
    "from" : [ 8, 16, 8 ],
    "to" : [ 16, 20, 16 ],
    "faces" : {
      "east" : {
        "uv" : [ 0, 8, 16, 16 ],
        "texture" : "#0"
      },
      "south" : {
        "uv" : [ 0, 8, 16, 16 ],
        "texture" : "#0"
      },
      "north" : {
        "uv" : [ 0, 8, 16, 16 ],
        "texture" : "#0"
      },
      "west" : {
        "uv" : [ 0, 8, 16, 16 ],
        "texture" : "#0"
      },
      "up" : {
        "uv" : [ 0, 0, 16, 16 ],
        "texture" : "#0"
      },
      "down" : {
        "uv" : [ 0, 0, 16, 16 ],
        "texture" : "#0"
      }
    }
  }, {
    "from" : [ 8, 16, 16 ],
    "to" : [ 16, 20, 24 ],
    "faces" : {
      "east" : {
        "uv" : [ 0, 8, 16, 16 ],
        "texture" : "#5"
      },
      "south" : {
        "uv" : [ 0, 8, 16, 16 ],
        "texture" : "#5"
      },
      "north" : {
        "uv" : [ 0, 8, 16, 16 ],
        "texture" : "#5"
      },
      "west" : {
        "uv" : [ 0, 8, 16, 16 ],
        "texture" : "#5"
      },
      "up" : {
        "uv" : [ 0, 0, 16, 16 ],
        "texture" : "#5"
      },
      "down" : {
        "uv" : [ 0, 0, 16, 16 ],
        "texture" : "#5"
      }
    }
  }, {
    "from" : [ 8, 16, 24 ],
    "to" : [ 16, 20, 32 ],
    "faces" : {
      "east" : {
        "uv" : [ 0, 8, 16, 16 ],
        "texture" : "#5"
      },
      "south" : {
        "uv" : [ 0, 8, 16, 16 ],
        "texture" : "#5"
      },
      "north" : {
        "uv" : [ 0, 8, 16, 16 ],
        "texture" : "#5"
      },
      "west" : {
        "uv" : [ 0, 8, 16, 16 ],
        "texture" : "#5"
      },
      "up" : {
        "uv" : [ 0, 0, 16, 16 ],
        "texture" : "#5"
      },
      "down" : {
        "uv" : [ 0, 0, 16, 16 ],
        "texture" : "#5"
      }
    }
  }, {
    "from" : [ 16, 20, -8 ],
    "to" : [ 24, 24, 0 ],
    "faces" : {
      "south" : {
        "uv" : [ 0, 0, 16, 8 ],
        "texture" : "#3"
      },
      "north" : {
        "uv" : [ 0, 0, 16, 8 ],
        "texture" : "#3"
      },
      "up" : {
        "uv" : [ 0, 0, 16, 16 ],
        "texture" : "#3"
      },
      "down" : {
        "uv" : [ 0, 0, 16, 16 ],
        "texture" : "#3"
      }
    }
  }, {
    "from" : [ 16, 16, -4 ],
    "to" : [ 24, 20, 0 ],
    "faces" : {
      "south" : {
        "uv" : [ 0, 8, 16, 16 ],
        "texture" : "#3"
      },
      "north" : {
        "uv" : [ 0, 8, 16, 16 ],
        "texture" : "#3"
      },
      "down" : {
        "uv" : [ 0, 0, 16, 8 ],
        "texture" : "#3"
      }
    }
  }, {
    "from" : [ 16, 20, 0 ],
    "to" : [ 24, 24, 8 ],
    "faces" : {
      "east" : {
        "uv" : [ 0, 0, 16, 8 ],
        "texture" : "#0"
      },
      "south" : {
        "uv" : [ 0, 0, 16, 8 ],
        "texture" : "#0"
      },
      "north" : {
        "uv" : [ 0, 0, 16, 8 ],
        "texture" : "#0"
      },
      "west" : {
        "uv" : [ 0, 0, 16, 8 ],
        "texture" : "#0"
      },
      "up" : {
        "uv" : [ 0, 0, 16, 16 ],
        "texture" : "#0"
      },
      "down" : {
        "uv" : [ 0, 0, 16, 16 ],
        "texture" : "#0"
      }
    }
  }, {
    "from" : [ 16, 20, 8 ],
    "to" : [ 24, 24, 16 ],
    "faces" : {
      "east" : {
        "uv" : [ 0, 0, 16, 8 ],
        "texture" : "#1"
      },
      "south" : {
        "uv" : [ 0, 0, 16, 8 ],
        "texture" : "#1"
      },
      "north" : {
        "uv" : [ 0, 0, 16, 8 ],
        "texture" : "#1"
      },
      "west" : {
        "uv" : [ 0, 0, 16, 8 ],
        "texture" : "#1"
      },
      "up" : {
        "uv" : [ 0, 0, 16, 16 ],
        "texture" : "#1"
      },
      "down" : {
        "uv" : [ 0, 0, 16, 16 ],
        "texture" : "#1"
      }
    }
  }, {
    "from" : [ 16, 20, 16 ],
    "to" : [ 24, 24, 24 ],
    "faces" : {
      "east" : {
        "uv" : [ 0, 0, 16, 8 ],
        "texture" : "#0"
      },
      "south" : {
        "uv" : [ 0, 0, 16, 8 ],
        "texture" : "#0"
      },
      "north" : {
        "uv" : [ 0, 0, 16, 8 ],
        "texture" : "#0"
      },
      "west" : {
        "uv" : [ 0, 0, 16, 8 ],
        "texture" : "#0"
      },
      "up" : {
        "uv" : [ 0, 0, 16, 16 ],
        "texture" : "#0"
      },
      "down" : {
        "uv" : [ 0, 0, 16, 16 ],
        "texture" : "#0"
      }
    }
  }, {
    "from" : [ 16, 20, 24 ],
    "to" : [ 24, 24, 32 ],
    "faces" : {
      "east" : {
        "uv" : [ 0, 0, 16, 8 ],
        "texture" : "#5"
      },
      "south" : {
        "uv" : [ 0, 0, 16, 8 ],
        "texture" : "#5"
      },
      "north" : {
        "uv" : [ 0, 0, 16, 8 ],
        "texture" : "#5"
      },
      "west" : {
        "uv" : [ 0, 0, 16, 8 ],
        "texture" : "#5"
      },
      "up" : {
        "uv" : [ 0, 0, 16, 16 ],
        "texture" : "#5"
      },
      "down" : {
        "uv" : [ 0, 0, 16, 16 ],
        "texture" : "#5"
      }
    }
  }, {
    "from" : [ -8, 24, -8 ],
    "to" : [ 0, 28, 0 ],
    "faces" : {
      "east" : {
        "uv" : [ 0, 8, 16, 16 ],
        "texture" : "#1"
      },
      "south" : {
        "uv" : [ 0, 8, 16, 16 ],
        "texture" : "#1"
      },
      "north" : {
        "uv" : [ 0, 8, 16, 16 ],
        "texture" : "#1"
      },
      "west" : {
        "uv" : [ 0, 8, 16, 16 ],
        "texture" : "#1"
      },
      "up" : {
        "uv" : [ 0, 0, 16, 16 ],
        "texture" : "#1"
      }
    }
  }, {
    "from" : [ 17, 24, -7 ],
    "to" : [ 23, 26, -1 ],
    "faces" : {
      "east" : {
        "uv" : [ 2, 12, 14, 16 ],
        "texture" : "#17"
      },
      "south" : {
        "uv" : [ 4, 2, 0, 14 ],
        "texture" : "#17",
        "rotation" : 270
      },
      "north" : {
        "uv" : [ 0, 2, 4, 14 ],
        "texture" : "#17",
        "rotation" : 90
      },
      "west" : {
        "uv" : [ 2, 12, 14, 16 ],
        "texture" : "#17"
      },
      "up" : {
        "uv" : [ 2, 2, 14, 14 ],
        "texture" : "#17",
        "rotation" : 270
      },
      "down" : {
        "uv" : [ 2, 2, 14, 14 ],
        "texture" : "#17",
        "rotation" : 90
      }
    }
  }, {
    "from" : [ 17, 26, -6 ],
    "to" : [ 22, 26, -2 ],
    "faces" : {
      "east" : {
        "uv" : [ 4, 11, 12, 12 ],
        "texture" : "#17"
      },
      "south" : {
        "uv" : [ 5, 3, 4, 13 ],
        "texture" : "#17",
        "rotation" : 270
      },
      "north" : {
        "uv" : [ 4, 3, 5, 13 ],
        "texture" : "#17",
        "rotation" : 90
      },
      "west" : {
        "uv" : [ 4, 11, 12, 12 ],
        "texture" : "#17"
      },
      "up" : {
        "uv" : [ 4, 3, 12, 13 ],
        "texture" : "#17",
        "rotation" : 270
      }
    }
  }, {
    "from" : [ 18, 26, -5 ],
    "to" : [ 22, 29, -3 ],
    "faces" : {
      "east" : {
        "uv" : [ 6, 6, 10, 11 ],
        "texture" : "#17"
      },
      "south" : {
        "uv" : [ 10, 4, 5, 12 ],
        "texture" : "#17",
        "rotation" : 270
      },
      "north" : {
        "uv" : [ 5, 4, 10, 12 ],
        "texture" : "#17",
        "rotation" : 90
      },
      "west" : {
        "uv" : [ 6, 6, 10, 11 ],
        "texture" : "#17"
      }
    }
  }, {
    "from" : [ 16, 29, -7 ],
    "to" : [ 24, 32, -2 ],
    "faces" : {
      "east" : {
        "uv" : [ 3, 0, 13, 6 ],
        "texture" : "#17"
      },
      "south" : {
        "uv" : [ 16, 0, 10, 16 ],
        "texture" : "#17",
        "rotation" : 270
      },
      "north" : {
        "uv" : [ 10, 0, 16, 16 ],
        "texture" : "#17",
        "rotation" : 90
      },
      "west" : {
        "uv" : [ 3, 0, 13, 6 ],
        "texture" : "#17"
      },
      "up" : {
        "uv" : [ 3, 0, 13, 16 ],
        "texture" : "#18",
        "rotation" : 270
      },
      "down" : {
        "uv" : [ 3, 0, 13, 16 ],
        "texture" : "#17",
        "rotation" : 90
      }
    }
  }, {
    "from" : [ 24, 24, 0 ],
    "to" : [ 32, 28, 8 ],
    "faces" : {
      "east" : {
        "uv" : [ 0, 8, 16, 16 ],
        "texture" : "#0"
      },
      "south" : {
        "uv" : [ 0, 8, 16, 16 ],
        "texture" : "#0"
      },
      "west" : {
        "uv" : [ 0, 8, 16, 16 ],
        "texture" : "#0"
      },
      "up" : {
        "uv" : [ 0, 0, 16, 16 ],
        "texture" : "#0"
      },
      "down" : {
        "uv" : [ 0, 0, 16, 16 ],
        "texture" : "#0"
      }
    }
  }, {
    "from" : [ 24, 24, 8 ],
    "to" : [ 32, 28, 16 ],
    "faces" : {
      "east" : {
        "uv" : [ 0, 8, 16, 16 ],
        "texture" : "#5"
      },
      "south" : {
        "uv" : [ 0, 8, 16, 16 ],
        "texture" : "#5"
      },
      "north" : {
        "uv" : [ 0, 8, 16, 16 ],
        "texture" : "#5"
      },
      "west" : {
        "uv" : [ 0, 8, 16, 16 ],
        "texture" : "#5"
      },
      "up" : {
        "uv" : [ 0, 0, 16, 16 ],
        "texture" : "#5"
      },
      "down" : {
        "uv" : [ 0, 0, 16, 16 ],
        "texture" : "#5"
      }
    }
  }, {
    "from" : [ 24, 24, 16 ],
    "to" : [ 32, 28, 24 ],
    "faces" : {
      "east" : {
        "uv" : [ 0, 8, 16, 16 ],
        "texture" : "#5"
      },
      "south" : {
        "uv" : [ 0, 8, 16, 16 ],
        "texture" : "#5"
      },
      "north" : {
        "uv" : [ 0, 8, 16, 16 ],
        "texture" : "#5"
      },
      "west" : {
        "uv" : [ 0, 8, 16, 16 ],
        "texture" : "#5"
      },
      "up" : {
        "uv" : [ 0, 0, 16, 16 ],
        "texture" : "#5"
      },
      "down" : {
        "uv" : [ 0, 0, 16, 16 ],
        "texture" : "#5"
      }
    }
  }, {
    "from" : [ 24, 24, 24 ],
    "to" : [ 32, 28, 32 ],
    "faces" : {
      "east" : {
        "uv" : [ 0, 8, 16, 16 ],
        "texture" : "#5"
      },
      "south" : {
        "uv" : [ 0, 8, 16, 16 ],
        "texture" : "#5"
      },
      "north" : {
        "uv" : [ 0, 8, 16, 16 ],
        "texture" : "#5"
      },
      "west" : {
        "uv" : [ 0, 8, 16, 16 ],
        "texture" : "#5"
      },
      "up" : {
        "uv" : [ 0, 0, 16, 16 ],
        "texture" : "#5"
      },
      "down" : {
        "uv" : [ 0, 0, 16, 16 ],
        "texture" : "#5"
      }
    }
  } ],
  "display" : {
    "head" : {
      "translation" : [ 0.0, -43.25, 0.0 ],
      "scale" : [ 3.2, 3.2, 3.2 ]
    }
  }
}