{
  "textures" : {
    "22" : "block/cauldron_inner",
    "23" : "block/cauldron_bottom",
    "24" : "block/water_still",
    "25" : "block/chain",
    "10" : "block/soul_soil",
    "11" : "block/oxidized_cut_copper",
    "12" : "block/weathered_cut_copper",
    "13" : "block/stone",
    "14" : "block/andesite",
    "15" : "block/stone_bricks",
    "16" : "block/polished_andesite",
    "17" : "block/anvil",
    "18" : "block/anvil_top",
    "19" : "block/soul_fire_0",
    "0" : "block/deepslate_tiles",
    "1" : "block/deepslate_bricks",
    "2" : "block/oxidized_copper",
    "3" : "block/polished_deepslate",
    "4" : "block/weathered_copper",
    "5" : "block/cobbled_deepslate",
    "6" : "block/deepslate",
    "7" : "block/deepslate_top",
    "8" : "block/polished_basalt_side",
    "9" : "block/polished_basalt_top",
    "20" : "block/cauldron_side",
    "21" : "block/cauldron_top"
  },
  "elements" : [ {
    "from" : [ -16, -16, -16 ],
    "to" : [ -8, -8, -8 ],
    "faces" : {
      "east" : {
        "uv" : [ 0, 0, 16, 16 ],
        "texture" : "#5"
      },
      "south" : {
        "uv" : [ 0, 0, 16, 16 ],
        "texture" : "#5"
      },
      "north" : {
        "uv" : [ 0, 0, 16, 16 ],
        "texture" : "#5"
      },
      "west" : {
        "uv" : [ 0, 0, 16, 16 ],
        "texture" : "#5"
      },
      "up" : {
        "uv" : [ 0, 0, 16, 16 ],
        "texture" : "#5"
      },
      "down" : {
        "uv" : [ 0, 0, 16, 16 ],
        "texture" : "#5"
      }
    }
  }, {
    "from" : [ -16, -16, -8 ],
    "to" : [ -8, -8, 0 ],
    "faces" : {
      "east" : {
        "uv" : [ 0, 0, 16, 16 ],
        "texture" : "#5"
      },
      "south" : {
        "uv" : [ 0, 0, 16, 16 ],
        "texture" : "#5"
      },
      "north" : {
        "uv" : [ 0, 0, 16, 16 ],
        "texture" : "#5"
      },
      "west" : {
        "uv" : [ 0, 0, 16, 16 ],
        "texture" : "#5"
      },
      "up" : {
        "uv" : [ 0, 0, 16, 16 ],
        "texture" : "#5"
      },
      "down" : {
        "uv" : [ 0, 0, 16, 16 ],
        "texture" : "#5"
      }
    }
  }, {
    "from" : [ -16, -16, 0 ],
    "to" : [ -8, -8, 8 ],
    "faces" : {
      "east" : {
        "uv" : [ 0, 0, 16, 16 ],
        "texture" : "#6"
      },
      "south" : {
        "uv" : [ 0, 0, 16, 16 ],
        "texture" : "#6"
      },
      "north" : {
        "uv" : [ 0, 0, 16, 16 ],
        "texture" : "#6"
      },
      "west" : {
        "uv" : [ 0, 0, 16, 16 ],
        "texture" : "#6"
      },
      "down" : {
        "uv" : [ 0, 0, 16, 16 ],
        "texture" : "#7"
      }
    }
  }, {
    "from" : [ -8, -16, -16 ],
    "to" : [ 0, -8, -8 ],
    "faces" : {
      "east" : {
        "uv" : [ 0, 0, 16, 16 ],
        "texture" : "#6"
      },
      "south" : {
        "uv" : [ 0, 0, 16, 16 ],
        "texture" : "#6"
      },
      "north" : {
        "uv" : [ 0, 0, 16, 16 ],
        "texture" : "#6"
      },
      "west" : {
        "uv" : [ 0, 0, 16, 16 ],
        "texture" : "#6"
      },
      "up" : {
        "uv" : [ 0, 0, 16, 16 ],
        "texture" : "#7"
      },
      "down" : {
        "uv" : [ 0, 0, 16, 16 ],
        "texture" : "#7"
      }
    }
  }, {
    "from" : [ -8, -16, -8 ],
    "to" : [ 0, -8, 0 ],
    "faces" : {
      "east" : {
        "uv" : [ 0, 0, 16, 16 ],
        "texture" : "#6"
      },
      "south" : {
        "uv" : [ 0, 0, 16, 16 ],
        "texture" : "#6"
      },
      "north" : {
        "uv" : [ 0, 0, 16, 16 ],
        "texture" : "#6"
      },
      "west" : {
        "uv" : [ 0, 0, 16, 16 ],
        "texture" : "#6"
      },
      "up" : {
        "uv" : [ 0, 0, 16, 16 ],
        "texture" : "#7"
      },
      "down" : {
        "uv" : [ 0, 0, 16, 16 ],
        "texture" : "#7"
      }
    }
  }, {
    "from" : [ 0, -16, -16 ],
    "to" : [ 8, -8, -8 ],
    "faces" : {
      "east" : {
        "uv" : [ 0, 0, 16, 16 ],
        "texture" : "#5"
      },
      "south" : {
        "uv" : [ 0, 0, 16, 16 ],
        "texture" : "#5"
      },
      "north" : {
        "uv" : [ 0, 0, 16, 16 ],
        "texture" : "#5"
      },
      "west" : {
        "uv" : [ 0, 0, 16, 16 ],
        "texture" : "#5"
      },
      "down" : {
        "uv" : [ 0, 0, 16, 16 ],
        "texture" : "#5"
      }
    }
  }, {
    "from" : [ -16, -8, 0 ],
    "to" : [ -8, 0, 8 ],
    "faces" : {
      "east" : {
        "uv" : [ 0, 0, 16, 16 ],
        "texture" : "#8"
      },
      "south" : {
        "uv" : [ 0, 0, 16, 16 ],
        "texture" : "#8"
      },
      "north" : {
        "uv" : [ 0, 0, 16, 16 ],
        "texture" : "#8"
      },
      "west" : {
        "uv" : [ 0, 0, 16, 16 ],
        "texture" : "#8"
      },
      "down" : {
        "uv" : [ 0, 0, 16, 16 ],
        "texture" : "#9"
      }
    }
  }, {
    "from" : [ -8, -8, -8 ],
    "to" : [ 0, 0, 0 ],
    "faces" : {
      "east" : {
        "uv" : [ 0, 0, 16, 16 ],
        "texture" : "#2"
      },
      "south" : {
        "uv" : [ 0, 0, 16, 16 ],
        "texture" : "#2"
      },
      "north" : {
        "uv" : [ 0, 0, 16, 16 ],
        "texture" : "#2"
      },
      "west" : {
        "uv" : [ 0, 0, 16, 16 ],
        "texture" : "#2"
      },
      "up" : {
        "uv" : [ 0, 0, 16, 16 ],
        "texture" : "#2"
      },
      "down" : {
        "uv" : [ 0, 0, 16, 16 ],
        "texture" : "#2"
      }
    }
  }, {
    "from" : [ 0, -8, -16 ],
    "to" : [ 8, 0, -8 ],
    "faces" : {
      "east" : {
        "uv" : [ 0, 0, 16, 16 ],
        "texture" : "#8"
      },
      "south" : {
        "uv" : [ 0, 0, 16, 16 ],
        "texture" : "#8"
      },
      "north" : {
        "uv" : [ 0, 0, 16, 16 ],
        "texture" : "#8"
      },
      "west" : {
        "uv" : [ 0, 0, 16, 16 ],
        "texture" : "#8"
      },
      "down" : {
        "uv" : [ 0, 0, 16, 16 ],
        "texture" : "#9"
      }
    }
  }, {
    "from" : [ -16, 0, 0 ],
    "to" : [ -8, 8, 8 ],
    "faces" : {
      "east" : {
        "uv" : [ 0, 0, 16, 16 ],
        "texture" : "#8"
      },
      "south" : {
        "uv" : [ 0, 0, 16, 16 ],
        "texture" : "#8"
      },
      "north" : {
        "uv" : [ 0, 0, 16, 16 ],
        "texture" : "#8"
      },
      "west" : {
        "uv" : [ 0, 0, 16, 16 ],
        "texture" : "#8"
      },
      "up" : {
        "uv" : [ 0, 0, 16, 16 ],
        "texture" : "#9"
      }
    }
  }, {
    "from" : [ -8, 0, -8 ],
    "to" : [ 0, 8, 0 ],
    "faces" : {
      "east" : {
        "uv" : [ 0, 0, 16, 16 ],
        "texture" : "#2"
      },
      "south" : {
        "uv" : [ 0, 0, 16, 16 ],
        "texture" : "#2"
      },
      "north" : {
        "uv" : [ 0, 0, 16, 16 ],
        "texture" : "#2"
      },
      "west" : {
        "uv" : [ 0, 0, 16, 16 ],
        "texture" : "#2"
      },
      "up" : {
        "uv" : [ 0, 0, 16, 16 ],
        "texture" : "#2"
      },
      "down" : {
        "uv" : [ 0, 0, 16, 16 ],
        "texture" : "#2"
      }
    }
  }, {
    "from" : [ -8, 0, 0 ],
    "to" : [ 0, 8, 8 ],
    "faces" : {
      "east" : {
        "uv" : [ 0, 0, 16, 16 ],
        "texture" : "#1"
      },
      "south" : {
        "uv" : [ 0, 0, 16, 16 ],
        "texture" : "#1"
      },
      "north" : {
        "uv" : [ 0, 0, 16, 16 ],
        "texture" : "#1"
      },
      "up" : {
        "uv" : [ 0, 0, 16, 16 ],
        "texture" : "#1"
      },
      "down" : {
        "uv" : [ 0, 0, 16, 16 ],
        "texture" : "#1"
      }
    }
  }, {
    "from" : [ -8, 0, 8 ],
    "to" : [ 0, 8, 16 ],
    "faces" : {
      "east" : {
        "uv" : [ 0, 0, 16, 16 ],
        "texture" : "#5"
      },
      "south" : {
        "uv" : [ 0, 0, 16, 16 ],
        "texture" : "#5"
      },
      "north" : {
        "uv" : [ 0, 0, 16, 16 ],
        "texture" : "#5"
      },
      "west" : {
        "uv" : [ 0, 0, 16, 16 ],
        "texture" : "#5"
      },
      "up" : {
        "uv" : [ 0, 0, 16, 16 ],
        "texture" : "#5"
      },
      "down" : {
        "uv" : [ 0, 0, 16, 16 ],
        "texture" : "#5"
      }
    }
  }, {
    "from" : [ -8, 0, 16 ],
    "to" : [ 0, 8, 24 ],
    "faces" : {
      "east" : {
        "uv" : [ 0, 0, 16, 16 ],
        "texture" : "#5"
      },
      "south" : {
        "uv" : [ 0, 0, 16, 16 ],
        "texture" : "#5"
      },
      "north" : {
        "uv" : [ 0, 0, 16, 16 ],
        "texture" : "#5"
      },
      "west" : {
        "uv" : [ 0, 0, 16, 16 ],
        "texture" : "#5"
      },
      "up" : {
        "uv" : [ 0, 0, 16, 16 ],
        "texture" : "#5"
      },
      "down" : {
        "uv" : [ 0, 0, 16, 16 ],
        "texture" : "#5"
      }
    }
  }, {
    "from" : [ -8, 0, 24 ],
    "to" : [ 0, 8, 32 ],
    "faces" : {
      "east" : {
        "uv" : [ 0, 0, 16, 16 ],
        "texture" : "#1"
      },
      "south" : {
        "uv" : [ 0, 0, 16, 16 ],
        "texture" : "#1"
      },
      "north" : {
        "uv" : [ 0, 0, 16, 16 ],
        "texture" : "#1"
      },
      "west" : {
        "uv" : [ 0, 0, 16, 16 ],
        "texture" : "#1"
      },
      "up" : {
        "uv" : [ 0, 0, 16, 16 ],
        "texture" : "#1"
      },
      "down" : {
        "uv" : [ 0, 0, 16, 16 ],
        "texture" : "#1"
      }
    }
  }, {
    "from" : [ 0, 0, -16 ],
    "to" : [ 8, 8, -8 ],
    "faces" : {
      "east" : {
        "uv" : [ 0, 0, 16, 16 ],
        "texture" : "#8"
      },
      "south" : {
        "uv" : [ 0, 0, 16, 16 ],
        "texture" : "#8"
      },
      "north" : {
        "uv" : [ 0, 0, 16, 16 ],
        "texture" : "#8"
      },
      "west" : {
        "uv" : [ 0, 0, 16, 16 ],
        "texture" : "#8"
      },
      "up" : {
        "uv" : [ 0, 0, 16, 16 ],
        "texture" : "#9"
      }
    }
  }, {
    "from" : [ 0, 0, -8 ],
    "to" : [ 8, 8, 0 ],
    "faces" : {
      "east" : {
        "uv" : [ 0, 0, 16, 16 ],
        "texture" : "#0"
      },
      "south" : {
        "uv" : [ 0, 0, 16, 16 ],
        "texture" : "#0"
      },
      "west" : {
        "uv" : [ 0, 0, 16, 16 ],
        "texture" : "#0"
      },
      "up" : {
        "uv" : [ 0, 0, 16, 16 ],
        "texture" : "#0"
      },
      "down" : {
        "uv" : [ 0, 0, 16, 16 ],
        "texture" : "#0"
      }
    }
  }, {
    "from" : [ 0, 0, 0 ],
    "to" : [ 8, 8, 8 ],
    "faces" : {
      "east" : {
        "uv" : [ 0, 0, 16, 16 ],
        "texture" : "#5"
      },
      "south" : {
        "uv" : [ 0, 0, 16, 16 ],
        "texture" : "#5"
      },
      "north" : {
        "uv" : [ 0, 0, 16, 16 ],
        "texture" : "#5"
      },
      "west" : {
        "uv" : [ 0, 0, 16, 16 ],
        "texture" : "#5"
      },
      "up" : {
        "uv" : [ 0, 0, 16, 16 ],
        "texture" : "#5"
      },
      "down" : {
        "uv" : [ 0, 0, 16, 16 ],
        "texture" : "#5"
      }
    }
  }, {
    "from" : [ 0, 0, 8 ],
    "to" : [ 8, 8, 16 ],
    "faces" : {
      "east" : {
        "uv" : [ 0, 0, 16, 16 ],
        "texture" : "#11"
      },
      "south" : {
        "uv" : [ 0, 0, 16, 16 ],
        "texture" : "#11"
      },
      "north" : {
        "uv" : [ 0, 0, 16, 16 ],
        "texture" : "#11"
      },
      "west" : {
        "uv" : [ 0, 0, 16, 16 ],
        "texture" : "#11"
      },
      "up" : {
        "uv" : [ 0, 0, 16, 16 ],
        "texture" : "#11"
      },
      "down" : {
        "uv" : [ 0, 0, 16, 16 ],
        "texture" : "#11"
      }
    }
  }, {
    "from" : [ 0, 0, 16 ],
    "to" : [ 8, 8, 24 ],
    "faces" : {
      "east" : {
        "uv" : [ 0, 0, 16, 16 ],
        "texture" : "#0"
      },
      "south" : {
        "uv" : [ 0, 0, 16, 16 ],
        "texture" : "#0"
      },
      "north" : {
        "uv" : [ 0, 0, 16, 16 ],
        "texture" : "#0"
      },
      "west" : {
        "uv" : [ 0, 0, 16, 16 ],
        "texture" : "#0"
      },
      "up" : {
        "uv" : [ 0, 0, 16, 16 ],
        "texture" : "#0"
      },
      "down" : {
        "uv" : [ 0, 0, 16, 16 ],
        "texture" : "#0"
      }
    }
  }, {
    "from" : [ 0, 0, 24 ],
    "to" : [ 8, 8, 32 ],
    "faces" : {
      "east" : {
        "uv" : [ 0, 0, 16, 16 ],
        "texture" : "#11"
      },
      "south" : {
        "uv" : [ 0, 0, 16, 16 ],
        "texture" : "#11"
      },
      "north" : {
        "uv" : [ 0, 0, 16, 16 ],
        "texture" : "#11"
      },
      "west" : {
        "uv" : [ 0, 0, 16, 16 ],
        "texture" : "#11"
      },
      "up" : {
        "uv" : [ 0, 0, 16, 16 ],
        "texture" : "#11"
      },
      "down" : {
        "uv" : [ 0, 0, 16, 16 ],
        "texture" : "#11"
      }
    }
  }, {
    "from" : [ 8, 0, -8 ],
    "to" : [ 16, 8, 0 ],
    "faces" : {
      "east" : {
        "uv" : [ 0, 0, 16, 16 ],
        "texture" : "#5"
      },
      "south" : {
        "uv" : [ 0, 0, 16, 16 ],
        "texture" : "#5"
      },
      "north" : {
        "uv" : [ 0, 0, 16, 16 ],
        "texture" : "#5"
      },
      "west" : {
        "uv" : [ 0, 0, 16, 16 ],
        "texture" : "#5"
      },
      "up" : {
        "uv" : [ 0, 0, 16, 16 ],
        "texture" : "#5"
      },
      "down" : {
        "uv" : [ 0, 0, 16, 16 ],
        "texture" : "#5"
      }
    }
  }, {
    "from" : [ 8, 0, 0 ],
    "to" : [ 16, 8, 8 ],
    "faces" : {
      "east" : {
        "uv" : [ 0, 0, 16, 16 ],
        "texture" : "#12"
      },
      "south" : {
        "uv" : [ 0, 0, 16, 16 ],
        "texture" : "#12"
      },
      "north" : {
        "uv" : [ 0, 0, 16, 16 ],
        "texture" : "#12"
      },
      "west" : {
        "uv" : [ 0, 0, 16, 16 ],
        "texture" : "#12"
      },
      "up" : {
        "uv" : [ 0, 0, 16, 16 ],
        "texture" : "#12"
      },
      "down" : {
        "uv" : [ 0, 0, 16, 16 ],
        "texture" : "#12"
      }
    }
  }, {
    "from" : [ 8, 0, 8 ],
    "to" : [ 16, 8, 16 ],
    "faces" : {
      "east" : {
        "uv" : [ 0, 0, 16, 16 ],
        "texture" : "#1"
      },
      "south" : {
        "uv" : [ 0, 0, 16, 16 ],
        "texture" : "#1"
      },
      "north" : {
        "uv" : [ 0, 0, 16, 16 ],
        "texture" : "#1"
      },
      "west" : {
        "uv" : [ 0, 0, 16, 16 ],
        "texture" : "#1"
      },
      "up" : {
        "uv" : [ 0, 0, 16, 16 ],
        "texture" : "#1"
      },
      "down" : {
        "uv" : [ 0, 0, 16, 16 ],
        "texture" : "#1"
      }
    }
  }, {
    "from" : [ 8, 0, 24 ],
    "to" : [ 16, 8, 32 ],
    "faces" : {
      "east" : {
        "uv" : [ 0, 0, 16, 16 ],
        "texture" : "#0"
      },
      "south" : {
        "uv" : [ 0, 0, 16, 16 ],
        "texture" : "#0"
      },
      "north" : {
        "uv" : [ 0, 0, 16, 16 ],
        "texture" : "#0"
      },
      "west" : {
        "uv" : [ 0, 0, 16, 16 ],
        "texture" : "#0"
      },
      "up" : {
        "uv" : [ 0, 0, 16, 16 ],
        "texture" : "#0"
      },
      "down" : {
        "uv" : [ 0, 0, 16, 16 ],
        "texture" : "#0"
      }
    }
  }, {
    "from" : [ 16, 0, -8 ],
    "to" : [ 24, 8, 0 ],
    "faces" : {
      "east" : {
        "uv" : [ 0, 0, 16, 16 ],
        "texture" : "#0"
      },
      "south" : {
        "uv" : [ 0, 0, 16, 16 ],
        "texture" : "#0"
      },
      "north" : {
        "uv" : [ 0, 0, 16, 16 ],
        "texture" : "#0"
      },
      "west" : {
        "uv" : [ 0, 0, 16, 16 ],
        "texture" : "#0"
      },
      "up" : {
        "uv" : [ 0, 0, 16, 16 ],
        "texture" : "#0"
      },
      "down" : {
        "uv" : [ 0, 0, 16, 16 ],
        "texture" : "#0"
      }
    }
  }, {
    "from" : [ 16, 0, 0 ],
    "to" : [ 24, 8, 8 ],
    "faces" : {
      "east" : {
        "uv" : [ 0, 0, 16, 16 ],
        "texture" : "#1"
      },
      "south" : {
        "uv" : [ 0, 0, 16, 16 ],
        "texture" : "#1"
      },
      "north" : {
        "uv" : [ 0, 0, 16, 16 ],
        "texture" : "#1"
      },
      "west" : {
        "uv" : [ 0, 0, 16, 16 ],
        "texture" : "#1"
      },
      "up" : {
        "uv" : [ 0, 0, 16, 16 ],
        "texture" : "#1"
      },
      "down" : {
        "uv" : [ 0, 0, 16, 16 ],
        "texture" : "#1"
      }
    }
  }, {
    "from" : [ 16, 0, 16 ],
    "to" : [ 24, 8, 24 ],
    "faces" : {
      "east" : {
        "uv" : [ 0, 0, 16, 16 ],
        "texture" : "#2"
      },
      "south" : {
        "uv" : [ 0, 0, 16, 16 ],
        "texture" : "#2"
      },
      "north" : {
        "uv" : [ 0, 0, 16, 16 ],
        "texture" : "#2"
      },
      "west" : {
        "uv" : [ 0, 0, 16, 16 ],
        "texture" : "#2"
      },
      "up" : {
        "uv" : [ 0, 0, 16, 16 ],
        "texture" : "#2"
      },
      "down" : {
        "uv" : [ 0, 0, 16, 16 ],
        "texture" : "#2"
      }
    }
  }, {
    "from" : [ 24, 0, -8 ],
    "to" : [ 32, 8, 0 ],
    "faces" : {
      "east" : {
        "uv" : [ 0, 0, 16, 16 ],
        "texture" : "#1"
      },
      "south" : {
        "uv" : [ 0, 0, 16, 16 ],
        "texture" : "#1"
      },
      "north" : {
        "uv" : [ 0, 0, 16, 16 ],
        "texture" : "#1"
      },
      "west" : {
        "uv" : [ 0, 0, 16, 16 ],
        "texture" : "#1"
      },
      "up" : {
        "uv" : [ 0, 0, 16, 16 ],
        "texture" : "#1"
      },
      "down" : {
        "uv" : [ 0, 0, 16, 16 ],
        "texture" : "#1"
      }
    }
  }, {
    "from" : [ 24, 0, 0 ],
    "to" : [ 32, 8, 8 ],
    "faces" : {
      "east" : {
        "uv" : [ 0, 0, 16, 16 ],
        "texture" : "#11"
      },
      "south" : {
        "uv" : [ 0, 0, 16, 16 ],
        "texture" : "#11"
      },
      "north" : {
        "uv" : [ 0, 0, 16, 16 ],
        "texture" : "#11"
      },
      "west" : {
        "uv" : [ 0, 0, 16, 16 ],
        "texture" : "#11"
      },
      "up" : {
        "uv" : [ 0, 0, 16, 16 ],
        "texture" : "#11"
      },
      "down" : {
        "uv" : [ 0, 0, 16, 16 ],
        "texture" : "#11"
      }
    }
  }, {
    "from" : [ 24, 0, 8 ],
    "to" : [ 32, 8, 16 ],
    "faces" : {
      "east" : {
        "uv" : [ 0, 0, 16, 16 ],
        "texture" : "#5"
      },
      "south" : {
        "uv" : [ 0, 0, 16, 16 ],
        "texture" : "#5"
      },
      "north" : {
        "uv" : [ 0, 0, 16, 16 ],
        "texture" : "#5"
      },
      "west" : {
        "uv" : [ 0, 0, 16, 16 ],
        "texture" : "#5"
      },
      "up" : {
        "uv" : [ 0, 0, 16, 16 ],
        "texture" : "#5"
      },
      "down" : {
        "uv" : [ 0, 0, 16, 16 ],
        "texture" : "#5"
      }
    }
  }, {
    "from" : [ 24, 0, 24 ],
    "to" : [ 32, 8, 32 ],
    "faces" : {
      "east" : {
        "uv" : [ 0, 0, 16, 16 ],
        "texture" : "#1"
      },
      "south" : {
        "uv" : [ 0, 0, 16, 16 ],
        "texture" : "#1"
      },
      "north" : {
        "uv" : [ 0, 0, 16, 16 ],
        "texture" : "#1"
      },
      "west" : {
        "uv" : [ 0, 0, 16, 16 ],
        "texture" : "#1"
      },
      "up" : {
        "uv" : [ 0, 0, 16, 16 ],
        "texture" : "#1"
      },
      "down" : {
        "uv" : [ 0, 0, 16, 16 ],
        "texture" : "#1"
      }
    }
  }, {
    "from" : [ -8, 8, -8 ],
    "to" : [ 0, 16, 0 ],
    "faces" : {
      "east" : {
        "uv" : [ 0, 0, 16, 16 ],
        "texture" : "#4"
      },
      "south" : {
        "uv" : [ 0, 0, 16, 16 ],
        "texture" : "#4"
      },
      "north" : {
        "uv" : [ 0, 0, 16, 16 ],
        "texture" : "#4"
      },
      "west" : {
        "uv" : [ 0, 0, 16, 16 ],
        "texture" : "#4"
      },
      "up" : {
        "uv" : [ 0, 0, 16, 16 ],
        "texture" : "#4"
      },
      "down" : {
        "uv" : [ 0, 0, 16, 16 ],
        "texture" : "#4"
      }
    }
  }, {
    "from" : [ -16, 0, 8 ],
    "to" : [ -8, 4, 16 ],
    "faces" : {
      "east" : {
        "uv" : [ 0, 8, 16, 16 ],
        "texture" : "#0"
      },
      "south" : {
        "uv" : [ 0, 8, 16, 16 ],
        "texture" : "#0"
      },
      "west" : {
        "uv" : [ 0, 8, 16, 16 ],
        "texture" : "#0"
      },
      "up" : {
        "uv" : [ 0, 0, 16, 16 ],
        "texture" : "#0"
      },
      "down" : {
        "uv" : [ 0, 0, 16, 16 ],
        "texture" : "#0"
      }
    }
  }, {
    "from" : [ -16, 0, 16 ],
    "to" : [ -8, 4, 24 ],
    "faces" : {
      "east" : {
        "uv" : [ 0, 8, 16, 16 ],
        "texture" : "#1"
      },
      "south" : {
        "uv" : [ 0, 8, 16, 16 ],
        "texture" : "#1"
      },
      "north" : {
        "uv" : [ 0, 8, 16, 16 ],
        "texture" : "#1"
      },
      "west" : {
        "uv" : [ 0, 8, 16, 16 ],
        "texture" : "#1"
      },
      "up" : {
        "uv" : [ 0, 0, 16, 16 ],
        "texture" : "#1"
      },
      "down" : {
        "uv" : [ 0, 0, 16, 16 ],
        "texture" : "#1"
      }
    }
  }, {
    "from" : [ -16, 0, 24 ],
    "to" : [ -8, 4, 32 ],
    "faces" : {
      "east" : {
        "uv" : [ 0, 8, 16, 16 ],
        "texture" : "#1"
      },
      "south" : {
        "uv" : [ 0, 8, 16, 16 ],
        "texture" : "#1"
      },
      "north" : {
        "uv" : [ 0, 8, 16, 16 ],
        "texture" : "#1"
      },
      "west" : {
        "uv" : [ 0, 8, 16, 16 ],
        "texture" : "#1"
      },
      "up" : {
        "uv" : [ 0, 0, 16, 16 ],
        "texture" : "#1"
      },
      "down" : {
        "uv" : [ 0, 0, 16, 16 ],
        "texture" : "#1"
      }
    }
  }, {
    "from" : [ 8, 0, -16 ],
    "to" : [ 16, 4, -8 ],
    "faces" : {
      "east" : {
        "uv" : [ 0, 8, 16, 16 ],
        "texture" : "#1"
      },
      "south" : {
        "uv" : [ 0, 8, 16, 16 ],
        "texture" : "#1"
      },
      "north" : {
        "uv" : [ 0, 8, 16, 16 ],
        "texture" : "#1"
      },
      "up" : {
        "uv" : [ 0, 0, 16, 16 ],
        "texture" : "#1"
      },
      "down" : {
        "uv" : [ 0, 0, 16, 16 ],
        "texture" : "#1"
      }
    }
  }, {
    "from" : [ 8, 0, 16 ],
    "to" : [ 16, 4, 24 ],
    "faces" : {
      "east" : {
        "uv" : [ 0, 8, 16, 16 ],
        "texture" : "#11"
      },
      "south" : {
        "uv" : [ 0, 8, 16, 16 ],
        "texture" : "#11"
      },
      "north" : {
        "uv" : [ 0, 8, 16, 16 ],
        "texture" : "#11"
      },
      "west" : {
        "uv" : [ 0, 8, 16, 16 ],
        "texture" : "#11"
      },
      "up" : {
        "uv" : [ 0, 0, 16, 16 ],
        "texture" : "#11"
      },
      "down" : {
        "uv" : [ 0, 0, 16, 16 ],
        "texture" : "#11"
      }
    }
  }, {
    "from" : [ 12, 4, 16 ],
    "to" : [ 16, 8, 24 ],
    "faces" : {
      "east" : {
        "uv" : [ 0, 0, 16, 8 ],
        "texture" : "#11"
      },
      "south" : {
        "uv" : [ 8, 0, 16, 8 ],
        "texture" : "#11"
      },
      "north" : {
        "uv" : [ 0, 0, 8, 8 ],
        "texture" : "#11"
      },
      "west" : {
        "uv" : [ 0, 0, 16, 8 ],
        "texture" : "#11"
      },
      "up" : {
        "uv" : [ 8, 0, 16, 16 ],
        "texture" : "#11"
      }
    }
  }, {
    "from" : [ 16, 0, -16 ],
    "to" : [ 24, 4, -8 ],
    "faces" : {
      "east" : {
        "uv" : [ 0, 8, 16, 16 ],
        "texture" : "#0"
      },
      "south" : {
        "uv" : [ 0, 8, 16, 16 ],
        "texture" : "#0"
      },
      "north" : {
        "uv" : [ 0, 8, 16, 16 ],
        "texture" : "#0"
      },
      "west" : {
        "uv" : [ 0, 8, 16, 16 ],
        "texture" : "#0"
      },
      "up" : {
        "uv" : [ 0, 0, 16, 16 ],
        "texture" : "#0"
      },
      "down" : {
        "uv" : [ 0, 0, 16, 16 ],
        "texture" : "#0"
      }
    }
  }, {
    "from" : [ 16, 0, 8 ],
    "to" : [ 24, 4, 16 ],
    "faces" : {
      "east" : {
        "uv" : [ 0, 8, 16, 16 ],
        "texture" : "#11"
      },
      "south" : {
        "uv" : [ 0, 8, 16, 16 ],
        "texture" : "#11"
      },
      "north" : {
        "uv" : [ 0, 8, 16, 16 ],
        "texture" : "#11"
      },
      "west" : {
        "uv" : [ 0, 8, 16, 16 ],
        "texture" : "#11"
      },
      "up" : {
        "uv" : [ 0, 0, 16, 16 ],
        "texture" : "#11"
      },
      "down" : {
        "uv" : [ 0, 0, 16, 16 ],
        "texture" : "#11"
      }
    }
  }, {
    "from" : [ 16, 4, 12 ],
    "to" : [ 24, 8, 16 ],
    "faces" : {
      "east" : {
        "uv" : [ 0, 0, 8, 8 ],
        "texture" : "#11"
      },
      "south" : {
        "uv" : [ 0, 0, 16, 8 ],
        "texture" : "#11"
      },
      "north" : {
        "uv" : [ 0, 0, 16, 8 ],
        "texture" : "#11"
      },
      "west" : {
        "uv" : [ 8, 0, 16, 8 ],
        "texture" : "#11"
      },
      "up" : {
        "uv" : [ 0, 8, 16, 16 ],
        "texture" : "#11"
      }
    }
  }, {
    "from" : [ 16, 0, 24 ],
    "to" : [ 24, 4, 32 ],
    "faces" : {
      "east" : {
        "uv" : [ 0, 8, 16, 16 ],
        "texture" : "#11"
      },
      "south" : {
        "uv" : [ 0, 8, 16, 16 ],
        "texture" : "#11"
      },
      "north" : {
        "uv" : [ 0, 8, 16, 16 ],
        "texture" : "#11"
      },
      "west" : {
        "uv" : [ 0, 8, 16, 16 ],
        "texture" : "#11"
      },
      "up" : {
        "uv" : [ 0, 0, 16, 16 ],
        "texture" : "#11"
      },
      "down" : {
        "uv" : [ 0, 0, 16, 16 ],
        "texture" : "#11"
      }
    }
  }, {
    "from" : [ 16, 4, 24 ],
    "to" : [ 24, 8, 28 ],
    "faces" : {
      "east" : {
        "uv" : [ 8, 0, 16, 8 ],
        "texture" : "#11"
      },
      "south" : {
        "uv" : [ 0, 0, 16, 8 ],
        "texture" : "#11"
      },
      "north" : {
        "uv" : [ 0, 0, 16, 8 ],
        "texture" : "#11"
      },
      "west" : {
        "uv" : [ 0, 0, 8, 8 ],
        "texture" : "#11"
      },
      "up" : {
        "uv" : [ 0, 0, 16, 8 ],
        "texture" : "#11"
      }
    }
  }, {
    "from" : [ 24, 0, -16 ],
    "to" : [ 32, 4, -8 ],
    "faces" : {
      "east" : {
        "uv" : [ 0, 8, 16, 16 ],
        "texture" : "#1"
      },
      "south" : {
        "uv" : [ 0, 8, 16, 16 ],
        "texture" : "#1"
      },
      "north" : {
        "uv" : [ 0, 8, 16, 16 ],
        "texture" : "#1"
      },
      "west" : {
        "uv" : [ 0, 8, 16, 16 ],
        "texture" : "#1"
      },
      "up" : {
        "uv" : [ 0, 0, 16, 16 ],
        "texture" : "#1"
      },
      "down" : {
        "uv" : [ 0, 0, 16, 16 ],
        "texture" : "#1"
      }
    }
  }, {
    "from" : [ 24, 0, 16 ],
    "to" : [ 32, 4, 24 ],
    "faces" : {
      "east" : {
        "uv" : [ 0, 8, 16, 16 ],
        "texture" : "#11"
      },
      "south" : {
        "uv" : [ 0, 8, 16, 16 ],
        "texture" : "#11"
      },
      "north" : {
        "uv" : [ 0, 8, 16, 16 ],
        "texture" : "#11"
      },
      "west" : {
        "uv" : [ 0, 8, 16, 16 ],
        "texture" : "#11"
      },
      "up" : {
        "uv" : [ 0, 0, 16, 16 ],
        "texture" : "#11"
      },
      "down" : {
        "uv" : [ 0, 0, 16, 16 ],
        "texture" : "#11"
      }
    }
  }, {
    "from" : [ 24, 4, 16 ],
    "to" : [ 28, 8, 24 ],
    "faces" : {
      "east" : {
        "uv" : [ 0, 0, 16, 8 ],
        "texture" : "#11"
      },
      "south" : {
        "uv" : [ 0, 0, 8, 8 ],
        "texture" : "#11"
      },
      "north" : {
        "uv" : [ 8, 0, 16, 8 ],
        "texture" : "#11"
      },
      "west" : {
        "uv" : [ 0, 0, 16, 8 ],
        "texture" : "#11"
      },
      "up" : {
        "uv" : [ 0, 0, 8, 16 ],
        "texture" : "#11"
      }
    }
  }, {
    "from" : [ -16, 8, 0 ],
    "to" : [ -8, 12, 8 ],
    "faces" : {
      "east" : {
        "uv" : [ 0, 8, 16, 16 ],
        "texture" : "#1"
      },
      "south" : {
        "uv" : [ 0, 8, 16, 16 ],
        "texture" : "#1"
      },
      "north" : {
        "uv" : [ 0, 8, 16, 16 ],
        "texture" : "#1"
      },
      "west" : {
        "uv" : [ 0, 8, 16, 16 ],
        "texture" : "#1"
      },
      "up" : {
        "uv" : [ 0, 0, 16, 16 ],
        "texture" : "#1"
      }
    }
  }, {
    "from" : [ -6, 8, 2 ],
    "to" : [ -2, 16, 6 ],
    "faces" : {
      "east" : {
        "uv" : [ 4, 0, 12, 16 ],
        "texture" : "#1"
      },
      "south" : {
        "uv" : [ 4, 0, 12, 16 ],
        "texture" : "#1"
      },
      "north" : {
        "uv" : [ 4, 0, 12, 16 ],
        "texture" : "#1"
      },
      "west" : {
        "uv" : [ 4, 0, 12, 16 ],
        "texture" : "#1"
      },
      "up" : {
        "uv" : [ 4, 4, 12, 12 ],
        "texture" : "#1"
      },
      "down" : {
        "uv" : [ 4, 4, 12, 12 ],
        "texture" : "#1"
      }
    }
  }, {
    "from" : [ -6, 8, 0 ],
    "to" : [ -3, 16, 4 ],
    "faces" : {
      "east" : {
        "uv" : [ 8, 0, 16, 16 ],
        "texture" : "#1"
      },
      "north" : {
        "uv" : [ 5, 0, 11, 16 ],
        "texture" : "#1"
      },
      "west" : {
        "uv" : [ 0, 0, 8, 16 ],
        "texture" : "#1"
      },
      "up" : {
        "uv" : [ 5, 0, 11, 8 ],
        "texture" : "#1"
      },
      "down" : {
        "uv" : [ 5, 8, 11, 16 ],
        "texture" : "#1"
      }
    }
  }, {
    "from" : [ 0, 8, -16 ],
    "to" : [ 8, 12, -8 ],
    "faces" : {
      "east" : {
        "uv" : [ 0, 8, 16, 16 ],
        "texture" : "#0"
      },
      "south" : {
        "uv" : [ 0, 8, 16, 16 ],
        "texture" : "#0"
      },
      "north" : {
        "uv" : [ 0, 8, 16, 16 ],
        "texture" : "#0"
      },
      "west" : {
        "uv" : [ 0, 8, 16, 16 ],
        "texture" : "#0"
      },
      "up" : {
        "uv" : [ 0, 0, 16, 16 ],
        "texture" : "#0"
      }
    }
  }, {
    "from" : [ 2, 8, -6 ],
    "to" : [ 6, 16, -2 ],
    "faces" : {
      "east" : {
        "uv" : [ 4, 0, 12, 16 ],
        "texture" : "#1"
      },
      "south" : {
        "uv" : [ 4, 0, 12, 16 ],
        "texture" : "#1"
      },
      "north" : {
        "uv" : [ 4, 0, 12, 16 ],
        "texture" : "#1"
      },
      "west" : {
        "uv" : [ 4, 0, 12, 16 ],
        "texture" : "#1"
      },
      "up" : {
        "uv" : [ 4, 4, 12, 12 ],
        "texture" : "#1"
      },
      "down" : {
        "uv" : [ 4, 4, 12, 12 ],
        "texture" : "#1"
      }
    }
  }, {
    "from" : [ 0, 8, -6 ],
    "to" : [ 4, 16, -3 ],
    "faces" : {
      "south" : {
        "uv" : [ 0, 0, 8, 16 ],
        "texture" : "#1"
      },
      "north" : {
        "uv" : [ 8, 0, 16, 16 ],
        "texture" : "#1"
      },
      "west" : {
        "uv" : [ 5, 0, 11, 16 ],
        "texture" : "#1"
      },
      "up" : {
        "uv" : [ 0, 5, 8, 11 ],
        "texture" : "#1"
      },
      "down" : {
        "uv" : [ 0, 5, 8, 11 ],
        "texture" : "#1"
      }
    }
  }, {
    "from" : [ 16, 9, 16 ],
    "to" : [ 17, 16, 24 ],
    "faces" : {
      "east" : {
        "uv" : [ 0, 0, 16, 13 ],
        "texture" : "#20"
      },
      "south" : {
        "uv" : [ 0, 0, 2, 13 ],
        "texture" : "#20"
      },
      "north" : {
        "uv" : [ 14, 0, 16, 13 ],
        "texture" : "#20"
      },
      "west" : {
        "uv" : [ 0, 0, 16, 13 ],
        "texture" : "#20"
      },
      "up" : {
        "uv" : [ 0, 0, 2, 16 ],
        "texture" : "#21"
      },
      "down" : {
        "uv" : [ 0, 0, 2, 16 ],
        "texture" : "#22"
      }
    }
  }, {
    "from" : [ 17, 9, 17 ],
    "to" : [ 23, 10, 23 ],
    "faces" : {
      "up" : {
        "uv" : [ 2, 2, 14, 14 ],
        "texture" : "#22"
      },
      "down" : {
        "uv" : [ 2, 2, 14, 14 ],
        "texture" : "#22"
      }
    }
  }, {
    "from" : [ 23, 9, 16 ],
    "to" : [ 24, 16, 24 ],
    "faces" : {
      "east" : {
        "uv" : [ 0, 0, 16, 13 ],
        "texture" : "#20"
      },
      "south" : {
        "uv" : [ 14, 0, 16, 13 ],
        "texture" : "#20"
      },
      "north" : {
        "uv" : [ 0, 0, 2, 13 ],
        "texture" : "#20"
      },
      "west" : {
        "uv" : [ 0, 0, 16, 13 ],
        "texture" : "#20"
      },
      "up" : {
        "uv" : [ 14, 0, 16, 16 ],
        "texture" : "#21"
      },
      "down" : {
        "uv" : [ 14, 0, 16, 16 ],
        "texture" : "#22"
      }
    }
  }, {
    "from" : [ 17, 9, 16 ],
    "to" : [ 23, 16, 17 ],
    "faces" : {
      "south" : {
        "uv" : [ 2, 0, 14, 13 ],
        "texture" : "#20"
      },
      "north" : {
        "uv" : [ 2, 0, 14, 13 ],
        "texture" : "#20"
      },
      "up" : {
        "uv" : [ 2, 0, 14, 2 ],
        "texture" : "#21"
      },
      "down" : {
        "uv" : [ 2, 14, 14, 16 ],
        "texture" : "#22"
      }
    }
  }, {
    "from" : [ 17, 9, 23 ],
    "to" : [ 23, 16, 24 ],
    "faces" : {
      "south" : {
        "uv" : [ 2, 0, 14, 13 ],
        "texture" : "#20"
      },
      "north" : {
        "uv" : [ 2, 0, 14, 13 ],
        "texture" : "#20"
      },
      "up" : {
        "uv" : [ 2, 14, 14, 16 ],
        "texture" : "#21"
      },
      "down" : {
        "uv" : [ 2, 0, 14, 2 ],
        "texture" : "#22"
      }
    }
  }, {
    "from" : [ 16, 8, 16 ],
    "to" : [ 18, 9, 17 ],
    "faces" : {
      "east" : {
        "uv" : [ 14, 13, 16, 16 ],
        "texture" : "#20"
      },
      "south" : {
        "uv" : [ 0, 13, 4, 16 ],
        "texture" : "#20"
      },
      "north" : {
        "uv" : [ 12, 13, 16, 16 ],
        "texture" : "#20"
      },
      "west" : {
        "uv" : [ 0, 13, 2, 16 ],
        "texture" : "#20"
      },
      "down" : {
        "uv" : [ 0, 14, 4, 16 ],
        "texture" : "#23"
      }
    }
  }, {
    "from" : [ 16, 8, 17 ],
    "to" : [ 17, 9, 18 ],
    "faces" : {
      "east" : {
        "uv" : [ 12, 13, 14, 16 ],
        "texture" : "#20"
      },
      "south" : {
        "uv" : [ 0, 13, 2, 16 ],
        "texture" : "#20"
      },
      "west" : {
        "uv" : [ 2, 13, 4, 16 ],
        "texture" : "#20"
      },
      "down" : {
        "uv" : [ 0, 12, 2, 14 ],
        "texture" : "#23"
      }
    }
  }, {
    "from" : [ 22, 8, 16 ],
    "to" : [ 24, 9, 17 ],
    "faces" : {
      "east" : {
        "uv" : [ 14, 13, 16, 16 ],
        "texture" : "#20"
      },
      "south" : {
        "uv" : [ 12, 13, 16, 16 ],
        "texture" : "#20"
      },
      "north" : {
        "uv" : [ 0, 13, 4, 16 ],
        "texture" : "#20"
      },
      "west" : {
        "uv" : [ 0, 13, 2, 16 ],
        "texture" : "#20"
      },
      "down" : {
        "uv" : [ 12, 14, 16, 16 ],
        "texture" : "#23"
      }
    }
  }, {
    "from" : [ 23, 8, 17 ],
    "to" : [ 24, 9, 18 ],
    "faces" : {
      "east" : {
        "uv" : [ 12, 13, 14, 16 ],
        "texture" : "#20"
      },
      "south" : {
        "uv" : [ 14, 13, 16, 16 ],
        "texture" : "#20"
      },
      "west" : {
        "uv" : [ 2, 13, 4, 16 ],
        "texture" : "#20"
      },
      "down" : {
        "uv" : [ 14, 12, 16, 14 ],
        "texture" : "#23"
      }
    }
  }, {
    "from" : [ 16, 8, 23 ],
    "to" : [ 18, 9, 24 ],
    "faces" : {
      "east" : {
        "uv" : [ 0, 13, 2, 16 ],
        "texture" : "#20"
      },
      "south" : {
        "uv" : [ 0, 13, 4, 16 ],
        "texture" : "#20"
      },
      "north" : {
        "uv" : [ 12, 13, 16, 16 ],
        "texture" : "#20"
      },
      "west" : {
        "uv" : [ 14, 13, 16, 16 ],
        "texture" : "#20"
      },
      "down" : {
        "uv" : [ 0, 0, 4, 2 ],
        "texture" : "#23"
      }
    }
  }, {
    "from" : [ 16, 8, 22 ],
    "to" : [ 17, 9, 23 ],
    "faces" : {
      "east" : {
        "uv" : [ 2, 13, 4, 16 ],
        "texture" : "#20"
      },
      "north" : {
        "uv" : [ 14, 13, 16, 16 ],
        "texture" : "#20"
      },
      "west" : {
        "uv" : [ 12, 13, 14, 16 ],
        "texture" : "#20"
      },
      "down" : {
        "uv" : [ 0, 2, 2, 4 ],
        "texture" : "#23"
      }
    }
  }, {
    "from" : [ 22, 8, 23 ],
    "to" : [ 24, 9, 24 ],
    "faces" : {
      "east" : {
        "uv" : [ 0, 13, 2, 16 ],
        "texture" : "#20"
      },
      "south" : {
        "uv" : [ 12, 13, 16, 16 ],
        "texture" : "#20"
      },
      "north" : {
        "uv" : [ 0, 13, 4, 16 ],
        "texture" : "#20"
      },
      "west" : {
        "uv" : [ 14, 13, 16, 16 ],
        "texture" : "#20"
      },
      "down" : {
        "uv" : [ 12, 0, 16, 2 ],
        "texture" : "#23"
      }
    }
  }, {
    "from" : [ 23, 8, 22 ],
    "to" : [ 24, 9, 23 ],
    "faces" : {
      "east" : {
        "uv" : [ 2, 13, 4, 16 ],
        "texture" : "#20"
      },
      "north" : {
        "uv" : [ 0, 13, 2, 16 ],
        "texture" : "#20"
      },
      "west" : {
        "uv" : [ 12, 13, 14, 16 ],
        "texture" : "#20"
      },
      "down" : {
        "uv" : [ 14, 2, 16, 4 ],
        "texture" : "#23"
      }
    }
  }, {
    "from" : [ 17, 10, 17 ],
    "to" : [ 23, 12, 23 ],
    "faces" : {
      "up" : {
        "uv" : [ 2, 2, 14, 14 ],
        "texture" : "#24"
      }
    }
  }, {
    "from" : [ -8, 16, -8 ],
    "to" : [ 0, 20, 0 ],
    "faces" : {
      "east" : {
        "uv" : [ 0, 8, 16, 16 ],
        "texture" : "#1"
      },
      "south" : {
        "uv" : [ 0, 8, 16, 16 ],
        "texture" : "#1"
      },
      "north" : {
        "uv" : [ 0, 8, 16, 16 ],
        "texture" : "#1"
      },
      "west" : {
        "uv" : [ 0, 8, 16, 16 ],
        "texture" : "#1"
      },
      "up" : {
        "uv" : [ 0, 0, 16, 16 ],
        "texture" : "#1"
      },
      "down" : {
        "uv" : [ 0, 0, 16, 16 ],
        "texture" : "#1"
      }
    }
  }, {
    "from" : [ -8, 16, 0 ],
    "to" : [ 0, 20, 8 ],
    "faces" : {
      "east" : {
        "uv" : [ 0, 8, 16, 16 ],
        "texture" : "#5"
      },
      "south" : {
        "uv" : [ 0, 8, 16, 16 ],
        "texture" : "#5"
      },
      "north" : {
        "uv" : [ 0, 8, 16, 16 ],
        "texture" : "#5"
      },
      "west" : {
        "uv" : [ 0, 8, 16, 16 ],
        "texture" : "#5"
      },
      "up" : {
        "uv" : [ 0, 0, 16, 16 ],
        "texture" : "#5"
      },
      "down" : {
        "uv" : [ 0, 0, 16, 16 ],
        "texture" : "#5"
      }
    }
  }, {
    "from" : [ 0, 16, -8 ],
    "to" : [ 8, 20, 0 ],
    "faces" : {
      "east" : {
        "uv" : [ 0, 8, 16, 16 ],
        "texture" : "#0"
      },
      "south" : {
        "uv" : [ 0, 8, 16, 16 ],
        "texture" : "#0"
      },
      "north" : {
        "uv" : [ 0, 8, 16, 16 ],
        "texture" : "#0"
      },
      "west" : {
        "uv" : [ 0, 8, 16, 16 ],
        "texture" : "#0"
      },
      "up" : {
        "uv" : [ 0, 0, 16, 16 ],
        "texture" : "#0"
      },
      "down" : {
        "uv" : [ 0, 0, 16, 16 ],
        "texture" : "#0"
      }
    }
  } ],
  "display" : {
    "head" : {
      "translation" : [ 0.0, -43.25, 0.0 ],
      "scale" : [ 3.2, 3.2, 3.2 ]
    }
  }
}