{
  "textures" : {
    "11" : "block/stone_bricks",
    "12" : "block/andesite",
    "13" : "block/polished_andesite",
    "14" : "block/stone",
    "15" : "block/anvil",
    "16" : "block/anvil_top",
    "17" : "block/soul_fire_0",
    "18" : "block/chain",
    "0" : "block/deepslate_tiles",
    "1" : "block/deepslate_bricks",
    "2" : "block/oxidized_copper",
    "3" : "block/weathered_copper",
    "4" : "block/polished_deepslate",
    "5" : "block/deepslate",
    "6" : "block/deepslate_top",
    "7" : "block/cobbled_deepslate",
    "8" : "block/polished_basalt_side",
    "9" : "block/polished_basalt_top",
    "10" : "block/soul_soil"
  },
  "elements" : [ {
    "from" : [ -16, 8, -8 ],
    "to" : [ -8, 16, 0 ],
    "faces" : {
      "east" : {
        "uv" : [ 0, 0, 16, 16 ],
        "texture" : "#7"
      },
      "south" : {
        "uv" : [ 0, 0, 16, 16 ],
        "texture" : "#7"
      },
      "north" : {
        "uv" : [ 0, 0, 16, 16 ],
        "texture" : "#7"
      },
      "west" : {
        "uv" : [ 0, 0, 16, 16 ],
        "texture" : "#7"
      },
      "up" : {
        "uv" : [ 0, 0, 16, 16 ],
        "texture" : "#7"
      },
      "down" : {
        "uv" : [ 0, 0, 16, 16 ],
        "texture" : "#7"
      }
    }
  }, {
    "from" : [ -16, 8, 0 ],
    "to" : [ -8, 16, 8 ],
    "faces" : {
      "east" : {
        "uv" : [ 0, 0, 16, 16 ],
        "texture" : "#5"
      },
      "south" : {
        "uv" : [ 0, 0, 16, 16 ],
        "texture" : "#5"
      },
      "north" : {
        "uv" : [ 0, 0, 16, 16 ],
        "texture" : "#5"
      },
      "west" : {
        "uv" : [ 0, 0, 16, 16 ],
        "texture" : "#5"
      },
      "up" : {
        "uv" : [ 0, 0, 16, 16 ],
        "texture" : "#6"
      },
      "down" : {
        "uv" : [ 0, 0, 16, 16 ],
        "texture" : "#6"
      }
    }
  }, {
    "from" : [ -16, 8, 8 ],
    "to" : [ -8, 16, 16 ],
    "faces" : {
      "east" : {
        "uv" : [ 0, 0, 16, 16 ],
        "texture" : "#5"
      },
      "south" : {
        "uv" : [ 0, 0, 16, 16 ],
        "texture" : "#5"
      },
      "north" : {
        "uv" : [ 0, 0, 16, 16 ],
        "texture" : "#5"
      },
      "west" : {
        "uv" : [ 0, 0, 16, 16 ],
        "texture" : "#5"
      },
      "up" : {
        "uv" : [ 0, 0, 16, 16 ],
        "texture" : "#6"
      },
      "down" : {
        "uv" : [ 0, 0, 16, 16 ],
        "texture" : "#6"
      }
    }
  }, {
    "from" : [ -16, 8, 16 ],
    "to" : [ -8, 16, 24 ],
    "faces" : {
      "east" : {
        "uv" : [ 0, 0, 16, 16 ],
        "texture" : "#7"
      },
      "south" : {
        "uv" : [ 0, 0, 16, 16 ],
        "texture" : "#7"
      },
      "north" : {
        "uv" : [ 0, 0, 16, 16 ],
        "texture" : "#7"
      },
      "west" : {
        "uv" : [ 0, 0, 16, 16 ],
        "texture" : "#7"
      },
      "up" : {
        "uv" : [ 0, 0, 16, 16 ],
        "texture" : "#7"
      },
      "down" : {
        "uv" : [ 0, 0, 16, 16 ],
        "texture" : "#7"
      }
    }
  }, {
    "from" : [ -16, 8, 24 ],
    "to" : [ -8, 16, 32 ],
    "faces" : {
      "east" : {
        "uv" : [ 0, 0, 16, 16 ],
        "texture" : "#5"
      },
      "south" : {
        "uv" : [ 0, 0, 16, 16 ],
        "texture" : "#5"
      },
      "north" : {
        "uv" : [ 0, 0, 16, 16 ],
        "texture" : "#5"
      },
      "west" : {
        "uv" : [ 0, 0, 16, 16 ],
        "texture" : "#5"
      },
      "up" : {
        "uv" : [ 0, 0, 16, 16 ],
        "texture" : "#6"
      },
      "down" : {
        "uv" : [ 0, 0, 16, 16 ],
        "texture" : "#6"
      }
    }
  }, {
    "from" : [ -8, 8, -8 ],
    "to" : [ 0, 16, 0 ],
    "faces" : {
      "east" : {
        "uv" : [ 0, 0, 16, 16 ],
        "texture" : "#5"
      },
      "south" : {
        "uv" : [ 0, 0, 16, 16 ],
        "texture" : "#5"
      },
      "north" : {
        "uv" : [ 0, 0, 16, 16 ],
        "texture" : "#5"
      },
      "west" : {
        "uv" : [ 0, 0, 16, 16 ],
        "texture" : "#5"
      },
      "down" : {
        "uv" : [ 0, 0, 16, 16 ],
        "texture" : "#6"
      }
    }
  }, {
    "from" : [ -8, 8, 0 ],
    "to" : [ 0, 16, 8 ],
    "faces" : {
      "east" : {
        "uv" : [ 0, 0, 16, 16 ],
        "texture" : "#5"
      },
      "south" : {
        "uv" : [ 0, 0, 16, 16 ],
        "texture" : "#5"
      },
      "north" : {
        "uv" : [ 0, 0, 16, 16 ],
        "texture" : "#5"
      },
      "west" : {
        "uv" : [ 0, 0, 16, 16 ],
        "texture" : "#5"
      },
      "up" : {
        "uv" : [ 0, 0, 16, 16 ],
        "texture" : "#6"
      },
      "down" : {
        "uv" : [ 0, 0, 16, 16 ],
        "texture" : "#6"
      }
    }
  }, {
    "from" : [ -8, 8, 8 ],
    "to" : [ 0, 16, 16 ],
    "faces" : {
      "east" : {
        "uv" : [ 0, 0, 16, 16 ],
        "texture" : "#7"
      },
      "south" : {
        "uv" : [ 0, 0, 16, 16 ],
        "texture" : "#7"
      },
      "north" : {
        "uv" : [ 0, 0, 16, 16 ],
        "texture" : "#7"
      },
      "west" : {
        "uv" : [ 0, 0, 16, 16 ],
        "texture" : "#7"
      },
      "up" : {
        "uv" : [ 0, 0, 16, 16 ],
        "texture" : "#7"
      },
      "down" : {
        "uv" : [ 0, 0, 16, 16 ],
        "texture" : "#7"
      }
    }
  }, {
    "from" : [ -8, 8, 16 ],
    "to" : [ 0, 16, 24 ],
    "faces" : {
      "east" : {
        "uv" : [ 0, 0, 16, 16 ],
        "texture" : "#5"
      },
      "south" : {
        "uv" : [ 0, 0, 16, 16 ],
        "texture" : "#5"
      },
      "north" : {
        "uv" : [ 0, 0, 16, 16 ],
        "texture" : "#5"
      },
      "west" : {
        "uv" : [ 0, 0, 16, 16 ],
        "texture" : "#5"
      },
      "up" : {
        "uv" : [ 0, 0, 16, 16 ],
        "texture" : "#6"
      },
      "down" : {
        "uv" : [ 0, 0, 16, 16 ],
        "texture" : "#6"
      }
    }
  }, {
    "from" : [ -8, 8, 24 ],
    "to" : [ 0, 16, 32 ],
    "faces" : {
      "east" : {
        "uv" : [ 0, 0, 16, 16 ],
        "texture" : "#7"
      },
      "south" : {
        "uv" : [ 0, 0, 16, 16 ],
        "texture" : "#7"
      },
      "north" : {
        "uv" : [ 0, 0, 16, 16 ],
        "texture" : "#7"
      },
      "west" : {
        "uv" : [ 0, 0, 16, 16 ],
        "texture" : "#7"
      },
      "up" : {
        "uv" : [ 0, 0, 16, 16 ],
        "texture" : "#7"
      },
      "down" : {
        "uv" : [ 0, 0, 16, 16 ],
        "texture" : "#7"
      }
    }
  }, {
    "from" : [ 0, 8, -8 ],
    "to" : [ 8, 16, 0 ],
    "faces" : {
      "east" : {
        "uv" : [ 0, 0, 16, 16 ],
        "texture" : "#7"
      },
      "south" : {
        "uv" : [ 0, 0, 16, 16 ],
        "texture" : "#7"
      },
      "north" : {
        "uv" : [ 0, 0, 16, 16 ],
        "texture" : "#7"
      },
      "west" : {
        "uv" : [ 0, 0, 16, 16 ],
        "texture" : "#7"
      },
      "up" : {
        "uv" : [ 0, 0, 16, 16 ],
        "texture" : "#7"
      },
      "down" : {
        "uv" : [ 0, 0, 16, 16 ],
        "texture" : "#7"
      }
    }
  }, {
    "from" : [ 0, 8, 0 ],
    "to" : [ 8, 16, 8 ],
    "faces" : {
      "east" : {
        "uv" : [ 0, 0, 16, 16 ],
        "texture" : "#5"
      },
      "south" : {
        "uv" : [ 0, 0, 16, 16 ],
        "texture" : "#5"
      },
      "north" : {
        "uv" : [ 0, 0, 16, 16 ],
        "texture" : "#5"
      },
      "west" : {
        "uv" : [ 0, 0, 16, 16 ],
        "texture" : "#5"
      },
      "up" : {
        "uv" : [ 0, 0, 16, 16 ],
        "texture" : "#6"
      },
      "down" : {
        "uv" : [ 0, 0, 16, 16 ],
        "texture" : "#6"
      }
    }
  }, {
    "from" : [ 0, 8, 8 ],
    "to" : [ 8, 16, 16 ],
    "faces" : {
      "east" : {
        "uv" : [ 0, 0, 16, 16 ],
        "texture" : "#7"
      },
      "south" : {
        "uv" : [ 0, 0, 16, 16 ],
        "texture" : "#7"
      },
      "north" : {
        "uv" : [ 0, 0, 16, 16 ],
        "texture" : "#7"
      },
      "west" : {
        "uv" : [ 0, 0, 16, 16 ],
        "texture" : "#7"
      },
      "up" : {
        "uv" : [ 0, 0, 16, 16 ],
        "texture" : "#7"
      },
      "down" : {
        "uv" : [ 0, 0, 16, 16 ],
        "texture" : "#7"
      }
    }
  }, {
    "from" : [ 0, 8, 16 ],
    "to" : [ 8, 16, 24 ],
    "faces" : {
      "east" : {
        "uv" : [ 0, 0, 16, 16 ],
        "texture" : "#7"
      },
      "south" : {
        "uv" : [ 0, 0, 16, 16 ],
        "texture" : "#7"
      },
      "north" : {
        "uv" : [ 0, 0, 16, 16 ],
        "texture" : "#7"
      },
      "west" : {
        "uv" : [ 0, 0, 16, 16 ],
        "texture" : "#7"
      },
      "up" : {
        "uv" : [ 0, 0, 16, 16 ],
        "texture" : "#7"
      },
      "down" : {
        "uv" : [ 0, 0, 16, 16 ],
        "texture" : "#7"
      }
    }
  }, {
    "from" : [ 0, 8, 24 ],
    "to" : [ 8, 16, 32 ],
    "faces" : {
      "east" : {
        "uv" : [ 0, 0, 16, 16 ],
        "texture" : "#5"
      },
      "south" : {
        "uv" : [ 0, 0, 16, 16 ],
        "texture" : "#5"
      },
      "north" : {
        "uv" : [ 0, 0, 16, 16 ],
        "texture" : "#5"
      },
      "west" : {
        "uv" : [ 0, 0, 16, 16 ],
        "texture" : "#5"
      },
      "up" : {
        "uv" : [ 0, 0, 16, 16 ],
        "texture" : "#6"
      },
      "down" : {
        "uv" : [ 0, 0, 16, 16 ],
        "texture" : "#6"
      }
    }
  }, {
    "from" : [ 8, 8, -8 ],
    "to" : [ 16, 16, 0 ],
    "faces" : {
      "east" : {
        "uv" : [ 0, 0, 16, 16 ],
        "texture" : "#5"
      },
      "south" : {
        "uv" : [ 0, 0, 16, 16 ],
        "texture" : "#5"
      },
      "north" : {
        "uv" : [ 0, 0, 16, 16 ],
        "texture" : "#5"
      },
      "west" : {
        "uv" : [ 0, 0, 16, 16 ],
        "texture" : "#5"
      },
      "down" : {
        "uv" : [ 0, 0, 16, 16 ],
        "texture" : "#6"
      }
    }
  }, {
    "from" : [ 8, 8, 0 ],
    "to" : [ 16, 16, 8 ],
    "faces" : {
      "east" : {
        "uv" : [ 0, 0, 16, 16 ],
        "texture" : "#5"
      },
      "south" : {
        "uv" : [ 0, 0, 16, 16 ],
        "texture" : "#5"
      },
      "north" : {
        "uv" : [ 0, 0, 16, 16 ],
        "texture" : "#5"
      },
      "west" : {
        "uv" : [ 0, 0, 16, 16 ],
        "texture" : "#5"
      },
      "up" : {
        "uv" : [ 0, 0, 16, 16 ],
        "texture" : "#6"
      },
      "down" : {
        "uv" : [ 0, 0, 16, 16 ],
        "texture" : "#6"
      }
    }
  }, {
    "from" : [ 8, 8, 8 ],
    "to" : [ 16, 16, 16 ],
    "faces" : {
      "east" : {
        "uv" : [ 0, 0, 16, 16 ],
        "texture" : "#7"
      },
      "south" : {
        "uv" : [ 0, 0, 16, 16 ],
        "texture" : "#7"
      },
      "north" : {
        "uv" : [ 0, 0, 16, 16 ],
        "texture" : "#7"
      },
      "west" : {
        "uv" : [ 0, 0, 16, 16 ],
        "texture" : "#7"
      },
      "up" : {
        "uv" : [ 0, 0, 16, 16 ],
        "texture" : "#7"
      },
      "down" : {
        "uv" : [ 0, 0, 16, 16 ],
        "texture" : "#7"
      }
    }
  }, {
    "from" : [ 8, 8, 16 ],
    "to" : [ 16, 16, 24 ],
    "faces" : {
      "east" : {
        "uv" : [ 0, 0, 16, 16 ],
        "texture" : "#5"
      },
      "south" : {
        "uv" : [ 0, 0, 16, 16 ],
        "texture" : "#5"
      },
      "north" : {
        "uv" : [ 0, 0, 16, 16 ],
        "texture" : "#5"
      },
      "west" : {
        "uv" : [ 0, 0, 16, 16 ],
        "texture" : "#5"
      },
      "up" : {
        "uv" : [ 0, 0, 16, 16 ],
        "texture" : "#6"
      },
      "down" : {
        "uv" : [ 0, 0, 16, 16 ],
        "texture" : "#6"
      }
    }
  }, {
    "from" : [ 8, 8, 24 ],
    "to" : [ 16, 16, 32 ],
    "faces" : {
      "east" : {
        "uv" : [ 0, 0, 16, 16 ],
        "texture" : "#5"
      },
      "south" : {
        "uv" : [ 0, 0, 16, 16 ],
        "texture" : "#5"
      },
      "north" : {
        "uv" : [ 0, 0, 16, 16 ],
        "texture" : "#5"
      },
      "west" : {
        "uv" : [ 0, 0, 16, 16 ],
        "texture" : "#5"
      },
      "up" : {
        "uv" : [ 0, 0, 16, 16 ],
        "texture" : "#6"
      },
      "down" : {
        "uv" : [ 0, 0, 16, 16 ],
        "texture" : "#6"
      }
    }
  }, {
    "from" : [ 16, 8, -8 ],
    "to" : [ 24, 16, 0 ],
    "faces" : {
      "east" : {
        "uv" : [ 0, 0, 16, 16 ],
        "texture" : "#5"
      },
      "south" : {
        "uv" : [ 0, 0, 16, 16 ],
        "texture" : "#5"
      },
      "north" : {
        "uv" : [ 0, 0, 16, 16 ],
        "texture" : "#5"
      },
      "west" : {
        "uv" : [ 0, 0, 16, 16 ],
        "texture" : "#5"
      },
      "up" : {
        "uv" : [ 0, 0, 16, 16 ],
        "texture" : "#6"
      },
      "down" : {
        "uv" : [ 0, 0, 16, 16 ],
        "texture" : "#6"
      }
    }
  }, {
    "from" : [ 16, 8, 0 ],
    "to" : [ 24, 16, 8 ],
    "faces" : {
      "east" : {
        "uv" : [ 0, 0, 16, 16 ],
        "texture" : "#7"
      },
      "south" : {
        "uv" : [ 0, 0, 16, 16 ],
        "texture" : "#7"
      },
      "north" : {
        "uv" : [ 0, 0, 16, 16 ],
        "texture" : "#7"
      },
      "west" : {
        "uv" : [ 0, 0, 16, 16 ],
        "texture" : "#7"
      },
      "up" : {
        "uv" : [ 0, 0, 16, 16 ],
        "texture" : "#7"
      },
      "down" : {
        "uv" : [ 0, 0, 16, 16 ],
        "texture" : "#7"
      }
    }
  }, {
    "from" : [ 16, 8, 8 ],
    "to" : [ 24, 16, 16 ],
    "faces" : {
      "east" : {
        "uv" : [ 0, 0, 16, 16 ],
        "texture" : "#7"
      },
      "south" : {
        "uv" : [ 0, 0, 16, 16 ],
        "texture" : "#7"
      },
      "north" : {
        "uv" : [ 0, 0, 16, 16 ],
        "texture" : "#7"
      },
      "west" : {
        "uv" : [ 0, 0, 16, 16 ],
        "texture" : "#7"
      },
      "up" : {
        "uv" : [ 0, 0, 16, 16 ],
        "texture" : "#7"
      },
      "down" : {
        "uv" : [ 0, 0, 16, 16 ],
        "texture" : "#7"
      }
    }
  }, {
    "from" : [ 16, 8, 16 ],
    "to" : [ 24, 16, 24 ],
    "faces" : {
      "east" : {
        "uv" : [ 0, 0, 16, 16 ],
        "texture" : "#7"
      },
      "south" : {
        "uv" : [ 0, 0, 16, 16 ],
        "texture" : "#7"
      },
      "north" : {
        "uv" : [ 0, 0, 16, 16 ],
        "texture" : "#7"
      },
      "west" : {
        "uv" : [ 0, 0, 16, 16 ],
        "texture" : "#7"
      },
      "up" : {
        "uv" : [ 0, 0, 16, 16 ],
        "texture" : "#7"
      },
      "down" : {
        "uv" : [ 0, 0, 16, 16 ],
        "texture" : "#7"
      }
    }
  }, {
    "from" : [ 16, 8, 24 ],
    "to" : [ 24, 16, 32 ],
    "faces" : {
      "east" : {
        "uv" : [ 0, 0, 16, 16 ],
        "texture" : "#7"
      },
      "south" : {
        "uv" : [ 0, 0, 16, 16 ],
        "texture" : "#7"
      },
      "north" : {
        "uv" : [ 0, 0, 16, 16 ],
        "texture" : "#7"
      },
      "west" : {
        "uv" : [ 0, 0, 16, 16 ],
        "texture" : "#7"
      },
      "up" : {
        "uv" : [ 0, 0, 16, 16 ],
        "texture" : "#7"
      },
      "down" : {
        "uv" : [ 0, 0, 16, 16 ],
        "texture" : "#7"
      }
    }
  }, {
    "from" : [ 24, 8, -16 ],
    "to" : [ 32, 16, -8 ],
    "faces" : {
      "east" : {
        "uv" : [ 0, 0, 16, 16 ],
        "texture" : "#5"
      },
      "south" : {
        "uv" : [ 0, 0, 16, 16 ],
        "texture" : "#5"
      },
      "north" : {
        "uv" : [ 0, 0, 16, 16 ],
        "texture" : "#5"
      },
      "west" : {
        "uv" : [ 0, 0, 16, 16 ],
        "texture" : "#5"
      },
      "up" : {
        "uv" : [ 0, 0, 16, 16 ],
        "texture" : "#6"
      },
      "down" : {
        "uv" : [ 0, 0, 16, 16 ],
        "texture" : "#6"
      }
    }
  }, {
    "from" : [ 24, 8, -8 ],
    "to" : [ 32, 16, 0 ],
    "faces" : {
      "east" : {
        "uv" : [ 0, 0, 16, 16 ],
        "texture" : "#7"
      },
      "south" : {
        "uv" : [ 0, 0, 16, 16 ],
        "texture" : "#7"
      },
      "north" : {
        "uv" : [ 0, 0, 16, 16 ],
        "texture" : "#7"
      },
      "west" : {
        "uv" : [ 0, 0, 16, 16 ],
        "texture" : "#7"
      },
      "down" : {
        "uv" : [ 0, 0, 16, 16 ],
        "texture" : "#7"
      }
    }
  }, {
    "from" : [ 24, 8, 0 ],
    "to" : [ 32, 16, 8 ],
    "faces" : {
      "east" : {
        "uv" : [ 0, 0, 16, 16 ],
        "texture" : "#5"
      },
      "south" : {
        "uv" : [ 0, 0, 16, 16 ],
        "texture" : "#5"
      },
      "north" : {
        "uv" : [ 0, 0, 16, 16 ],
        "texture" : "#5"
      },
      "west" : {
        "uv" : [ 0, 0, 16, 16 ],
        "texture" : "#5"
      },
      "up" : {
        "uv" : [ 0, 0, 16, 16 ],
        "texture" : "#6"
      },
      "down" : {
        "uv" : [ 0, 0, 16, 16 ],
        "texture" : "#6"
      }
    }
  }, {
    "from" : [ 24, 8, 8 ],
    "to" : [ 32, 16, 16 ],
    "faces" : {
      "east" : {
        "uv" : [ 0, 0, 16, 16 ],
        "texture" : "#5"
      },
      "south" : {
        "uv" : [ 0, 0, 16, 16 ],
        "texture" : "#5"
      },
      "north" : {
        "uv" : [ 0, 0, 16, 16 ],
        "texture" : "#5"
      },
      "west" : {
        "uv" : [ 0, 0, 16, 16 ],
        "texture" : "#5"
      },
      "up" : {
        "uv" : [ 0, 0, 16, 16 ],
        "texture" : "#6"
      },
      "down" : {
        "uv" : [ 0, 0, 16, 16 ],
        "texture" : "#6"
      }
    }
  }, {
    "from" : [ 24, 8, 16 ],
    "to" : [ 32, 16, 24 ],
    "faces" : {
      "east" : {
        "uv" : [ 0, 0, 16, 16 ],
        "texture" : "#5"
      },
      "south" : {
        "uv" : [ 0, 0, 16, 16 ],
        "texture" : "#5"
      },
      "north" : {
        "uv" : [ 0, 0, 16, 16 ],
        "texture" : "#5"
      },
      "west" : {
        "uv" : [ 0, 0, 16, 16 ],
        "texture" : "#5"
      },
      "up" : {
        "uv" : [ 0, 0, 16, 16 ],
        "texture" : "#6"
      },
      "down" : {
        "uv" : [ 0, 0, 16, 16 ],
        "texture" : "#6"
      }
    }
  }, {
    "from" : [ 24, 8, 24 ],
    "to" : [ 32, 16, 32 ],
    "faces" : {
      "east" : {
        "uv" : [ 0, 0, 16, 16 ],
        "texture" : "#5"
      },
      "south" : {
        "uv" : [ 0, 0, 16, 16 ],
        "texture" : "#5"
      },
      "north" : {
        "uv" : [ 0, 0, 16, 16 ],
        "texture" : "#5"
      },
      "west" : {
        "uv" : [ 0, 0, 16, 16 ],
        "texture" : "#5"
      },
      "up" : {
        "uv" : [ 0, 0, 16, 16 ],
        "texture" : "#6"
      },
      "down" : {
        "uv" : [ 0, 0, 16, 16 ],
        "texture" : "#6"
      }
    }
  }, {
    "from" : [ -16, 16, -16 ],
    "to" : [ -8, 24, -8 ],
    "faces" : {
      "east" : {
        "uv" : [ 0, 0, 16, 16 ],
        "texture" : "#1"
      },
      "south" : {
        "uv" : [ 0, 0, 16, 16 ],
        "texture" : "#1"
      },
      "north" : {
        "uv" : [ 0, 0, 16, 16 ],
        "texture" : "#1"
      },
      "west" : {
        "uv" : [ 0, 0, 16, 16 ],
        "texture" : "#1"
      },
      "up" : {
        "uv" : [ 0, 0, 16, 16 ],
        "texture" : "#1"
      },
      "down" : {
        "uv" : [ 0, 0, 16, 16 ],
        "texture" : "#1"
      }
    }
  }, {
    "from" : [ -8, 16, -8 ],
    "to" : [ 0, 24, 0 ],
    "faces" : {
      "east" : {
        "uv" : [ 0, 0, 16, 16 ],
        "texture" : "#8"
      },
      "south" : {
        "uv" : [ 0, 0, 16, 16 ],
        "texture" : "#8"
      },
      "north" : {
        "uv" : [ 0, 0, 16, 16 ],
        "texture" : "#8"
      },
      "west" : {
        "uv" : [ 0, 0, 16, 16 ],
        "texture" : "#8"
      },
      "down" : {
        "uv" : [ 0, 0, 16, 16 ],
        "texture" : "#9"
      }
    }
  }, {
    "from" : [ 0, 16, -16 ],
    "to" : [ 8, 24, -8 ],
    "faces" : {
      "east" : {
        "uv" : [ 0, 0, 16, 16 ],
        "texture" : "#1"
      },
      "south" : {
        "uv" : [ 0, 0, 16, 16 ],
        "texture" : "#1"
      },
      "north" : {
        "uv" : [ 0, 0, 16, 16 ],
        "texture" : "#1"
      },
      "west" : {
        "uv" : [ 0, 0, 16, 16 ],
        "texture" : "#1"
      },
      "up" : {
        "uv" : [ 0, 0, 16, 16 ],
        "texture" : "#1"
      },
      "down" : {
        "uv" : [ 0, 0, 16, 16 ],
        "texture" : "#1"
      }
    }
  }, {
    "from" : [ 8, 16, -8 ],
    "to" : [ 16, 24, 0 ],
    "faces" : {
      "east" : {
        "uv" : [ 0, 0, 16, 16 ],
        "texture" : "#8"
      },
      "south" : {
        "uv" : [ 0, 0, 16, 16 ],
        "texture" : "#8"
      },
      "north" : {
        "uv" : [ 0, 0, 16, 16 ],
        "texture" : "#8"
      },
      "west" : {
        "uv" : [ 0, 0, 16, 16 ],
        "texture" : "#8"
      },
      "down" : {
        "uv" : [ 0, 0, 16, 16 ],
        "texture" : "#9"
      }
    }
  }, {
    "from" : [ 24, 16, -8 ],
    "to" : [ 32, 24, 0 ],
    "faces" : {
      "east" : {
        "uv" : [ 0, 0, 16, 16 ],
        "texture" : "#8"
      },
      "south" : {
        "uv" : [ 0, 0, 16, 16 ],
        "texture" : "#8"
      },
      "north" : {
        "uv" : [ 0, 0, 16, 16 ],
        "texture" : "#8"
      },
      "west" : {
        "uv" : [ 0, 0, 16, 16 ],
        "texture" : "#8"
      },
      "down" : {
        "uv" : [ 0, 0, 16, 16 ],
        "texture" : "#9"
      }
    }
  }, {
    "from" : [ -16, 24, -16 ],
    "to" : [ -8, 32, -8 ],
    "faces" : {
      "east" : {
        "uv" : [ 0, 0, 16, 16 ],
        "texture" : "#1"
      },
      "south" : {
        "uv" : [ 0, 0, 16, 16 ],
        "texture" : "#1"
      },
      "north" : {
        "uv" : [ 0, 0, 16, 16 ],
        "texture" : "#1"
      },
      "west" : {
        "uv" : [ 0, 0, 16, 16 ],
        "texture" : "#1"
      },
      "up" : {
        "uv" : [ 0, 0, 16, 16 ],
        "texture" : "#1"
      },
      "down" : {
        "uv" : [ 0, 0, 16, 16 ],
        "texture" : "#1"
      }
    }
  }, {
    "from" : [ -8, 24, -8 ],
    "to" : [ 0, 32, 0 ],
    "faces" : {
      "east" : {
        "uv" : [ 0, 0, 16, 16 ],
        "texture" : "#8"
      },
      "south" : {
        "uv" : [ 0, 0, 16, 16 ],
        "texture" : "#8"
      },
      "north" : {
        "uv" : [ 0, 0, 16, 16 ],
        "texture" : "#8"
      },
      "west" : {
        "uv" : [ 0, 0, 16, 16 ],
        "texture" : "#8"
      }
    }
  }, {
    "from" : [ 8, 24, -8 ],
    "to" : [ 16, 32, 0 ],
    "faces" : {
      "east" : {
        "uv" : [ 0, 0, 16, 16 ],
        "texture" : "#8"
      },
      "south" : {
        "uv" : [ 0, 0, 16, 16 ],
        "texture" : "#8"
      },
      "north" : {
        "uv" : [ 0, 0, 16, 16 ],
        "texture" : "#8"
      },
      "west" : {
        "uv" : [ 0, 0, 16, 16 ],
        "texture" : "#8"
      }
    }
  }, {
    "from" : [ 24, 24, -8 ],
    "to" : [ 32, 32, 0 ],
    "faces" : {
      "east" : {
        "uv" : [ 0, 0, 16, 16 ],
        "texture" : "#8"
      },
      "south" : {
        "uv" : [ 0, 0, 16, 16 ],
        "texture" : "#8"
      },
      "north" : {
        "uv" : [ 0, 0, 16, 16 ],
        "texture" : "#8"
      },
      "west" : {
        "uv" : [ 0, 0, 16, 16 ],
        "texture" : "#8"
      },
      "up" : {
        "uv" : [ 0, 0, 16, 16 ],
        "texture" : "#9"
      }
    }
  }, {
    "from" : [ 16, 20, -16 ],
    "to" : [ 24, 24, -8 ],
    "faces" : {
      "east" : {
        "uv" : [ 0, 0, 16, 8 ],
        "texture" : "#7"
      },
      "south" : {
        "uv" : [ 0, 0, 16, 8 ],
        "texture" : "#7"
      },
      "north" : {
        "uv" : [ 0, 0, 16, 8 ],
        "texture" : "#7"
      },
      "west" : {
        "uv" : [ 0, 0, 16, 8 ],
        "texture" : "#7"
      },
      "up" : {
        "uv" : [ 0, 0, 16, 16 ],
        "texture" : "#7"
      },
      "down" : {
        "uv" : [ 0, 0, 16, 16 ],
        "texture" : "#7"
      }
    }
  }, {
    "from" : [ 16, 20, -8 ],
    "to" : [ 24, 24, 0 ],
    "faces" : {
      "south" : {
        "uv" : [ 0, 0, 16, 8 ],
        "texture" : "#4"
      },
      "north" : {
        "uv" : [ 0, 0, 16, 8 ],
        "texture" : "#4"
      },
      "up" : {
        "uv" : [ 0, 0, 16, 16 ],
        "texture" : "#4"
      },
      "down" : {
        "uv" : [ 0, 0, 16, 16 ],
        "texture" : "#4"
      }
    }
  }, {
    "from" : [ 16, 16, -8 ],
    "to" : [ 24, 20, -4 ],
    "faces" : {
      "south" : {
        "uv" : [ 0, 8, 16, 16 ],
        "texture" : "#4"
      },
      "north" : {
        "uv" : [ 0, 8, 16, 16 ],
        "texture" : "#4"
      },
      "down" : {
        "uv" : [ 0, 8, 16, 16 ],
        "texture" : "#4"
      }
    }
  }, {
    "from" : [ 24, 16, -16 ],
    "to" : [ 32, 20, -8 ],
    "faces" : {
      "east" : {
        "uv" : [ 0, 8, 16, 16 ],
        "texture" : "#1"
      },
      "north" : {
        "uv" : [ 0, 8, 16, 16 ],
        "texture" : "#1"
      },
      "west" : {
        "uv" : [ 0, 8, 16, 16 ],
        "texture" : "#1"
      },
      "up" : {
        "uv" : [ 0, 0, 16, 16 ],
        "texture" : "#1"
      },
      "down" : {
        "uv" : [ 0, 0, 16, 16 ],
        "texture" : "#1"
      }
    }
  }, {
    "from" : [ 0, 28, -16 ],
    "to" : [ 8, 32, -8 ],
    "faces" : {
      "east" : {
        "uv" : [ 0, 0, 16, 8 ],
        "texture" : "#1"
      },
      "south" : {
        "uv" : [ 0, 0, 16, 8 ],
        "texture" : "#1"
      },
      "north" : {
        "uv" : [ 0, 0, 16, 8 ],
        "texture" : "#1"
      },
      "west" : {
        "uv" : [ 0, 0, 16, 8 ],
        "texture" : "#1"
      },
      "up" : {
        "uv" : [ 0, 0, 16, 16 ],
        "texture" : "#1"
      },
      "down" : {
        "uv" : [ 0, 0, 16, 16 ],
        "texture" : "#1"
      }
    }
  }, {
    "from" : [ 0, 28, -8 ],
    "to" : [ 8, 32, 0 ],
    "faces" : {
      "south" : {
        "uv" : [ 0, 0, 16, 8 ],
        "texture" : "#4"
      },
      "north" : {
        "uv" : [ 0, 0, 16, 8 ],
        "texture" : "#4"
      },
      "up" : {
        "uv" : [ 0, 0, 16, 16 ],
        "texture" : "#4"
      },
      "down" : {
        "uv" : [ 0, 0, 16, 16 ],
        "texture" : "#4"
      }
    }
  }, {
    "from" : [ 0, 24, -8 ],
    "to" : [ 8, 28, -4 ],
    "faces" : {
      "south" : {
        "uv" : [ 0, 8, 16, 16 ],
        "texture" : "#4"
      },
      "north" : {
        "uv" : [ 0, 8, 16, 16 ],
        "texture" : "#4"
      },
      "down" : {
        "uv" : [ 0, 8, 16, 16 ],
        "texture" : "#4"
      }
    }
  }, {
    "from" : [ 8, 24, -16 ],
    "to" : [ 16, 28, -8 ],
    "faces" : {
      "east" : {
        "uv" : [ 0, 8, 16, 16 ],
        "texture" : "#7"
      },
      "north" : {
        "uv" : [ 0, 8, 16, 16 ],
        "texture" : "#7"
      },
      "west" : {
        "uv" : [ 0, 8, 16, 16 ],
        "texture" : "#7"
      },
      "up" : {
        "uv" : [ 0, 0, 16, 16 ],
        "texture" : "#7"
      },
      "down" : {
        "uv" : [ 0, 0, 16, 16 ],
        "texture" : "#7"
      }
    }
  }, {
    "from" : [ 17, 24, -7 ],
    "to" : [ 23, 26, -1 ],
    "faces" : {
      "east" : {
        "uv" : [ 2, 12, 14, 16 ],
        "texture" : "#15"
      },
      "south" : {
        "uv" : [ 0, 2, 4, 14 ],
        "texture" : "#15",
        "rotation" : 90
      },
      "north" : {
        "uv" : [ 4, 2, 0, 14 ],
        "texture" : "#15",
        "rotation" : 270
      },
      "west" : {
        "uv" : [ 2, 12, 14, 16 ],
        "texture" : "#15"
      },
      "up" : {
        "uv" : [ 2, 2, 14, 14 ],
        "texture" : "#15",
        "rotation" : 90
      },
      "down" : {
        "uv" : [ 2, 2, 14, 14 ],
        "texture" : "#15",
        "rotation" : 270
      }
    }
  }, {
    "from" : [ 17, 26, -6 ],
    "to" : [ 22, 26, -2 ],
    "faces" : {
      "east" : {
        "uv" : [ 4, 11, 12, 12 ],
        "texture" : "#15"
      },
      "south" : {
        "uv" : [ 4, 3, 5, 13 ],
        "texture" : "#15",
        "rotation" : 90
      },
      "north" : {
        "uv" : [ 5, 3, 4, 13 ],
        "texture" : "#15",
        "rotation" : 270
      },
      "west" : {
        "uv" : [ 4, 11, 12, 12 ],
        "texture" : "#15"
      },
      "up" : {
        "uv" : [ 4, 3, 12, 13 ],
        "texture" : "#15",
        "rotation" : 90
      }
    }
  }, {
    "from" : [ 18, 26, -5 ],
    "to" : [ 22, 29, -3 ],
    "faces" : {
      "east" : {
        "uv" : [ 6, 6, 10, 11 ],
        "texture" : "#15"
      },
      "south" : {
        "uv" : [ 5, 4, 10, 12 ],
        "texture" : "#15",
        "rotation" : 90
      },
      "north" : {
        "uv" : [ 10, 4, 5, 12 ],
        "texture" : "#15",
        "rotation" : 270
      },
      "west" : {
        "uv" : [ 6, 6, 10, 11 ],
        "texture" : "#15"
      }
    }
  }, {
    "from" : [ 16, 29, -6 ],
    "to" : [ 24, 32, -1 ],
    "faces" : {
      "east" : {
        "uv" : [ 3, 0, 13, 6 ],
        "texture" : "#15"
      },
      "south" : {
        "uv" : [ 10, 0, 16, 16 ],
        "texture" : "#15",
        "rotation" : 90
      },
      "north" : {
        "uv" : [ 16, 0, 10, 16 ],
        "texture" : "#15",
        "rotation" : 270
      },
      "west" : {
        "uv" : [ 3, 0, 13, 6 ],
        "texture" : "#15"
      },
      "up" : {
        "uv" : [ 3, 0, 13, 16 ],
        "texture" : "#16",
        "rotation" : 90
      },
      "down" : {
        "uv" : [ 3, 0, 13, 16 ],
        "texture" : "#15",
        "rotation" : 270
      }
    }
  } ],
  "display" : {
    "head" : {
      "translation" : [ 0.0, -43.25, 0.0 ],
      "scale" : [ 3.2, 3.2, 3.2 ]
    }
  }
}